{
    "timestamp": "2017-12-21T103322",
    "meta": {},
    "timings": {
        "section_0": {
            "gflopss": 5.848365456283971,
            "oi": 0.16109092867563787,
            "timings": 0.09953666666666666
        },
        "section_3": {
            "gflopss": 0.14138709677419303,
            "oi": 0.6397738951695786,
            "timings": 0.00031733333333333445
        },
        "section_4": {
            "gflopss": 1.0784511563886852,
            "oi": 1.2716493471889154,
            "timings": 0.0035950000000000188
        },
        "main": {
            "gflopss": 82.06928716937048,
            "oi": 3.516982932484531,
            "timings": 172.21381266666663
        }
    }
}