{
    "timestamp": "2017-12-21T102126",
    "meta": {},
    "timings": {
        "section_0": {
            "gflopss": 5.898546687024967,
            "oi": 0.16293546348204163,
            "timings": 0.09982000000000002
        },
        "section_3": {
            "gflopss": 0.17374620760075318,
            "oi": 0.6397738951695786,
            "timings": 0.00025866666666666654
        },
        "section_4": {
            "gflopss": 1.1104574289237503,
            "oi": 1.2716493471889154,
            "timings": 0.0034750000000000176
        },
        "main": {
            "gflopss": 87.39094494692812,
            "oi": 2.5539254752625773,
            "timings": 117.43378266666667
        }
    }
}