{
    "timestamp": "2017-12-19T152246",
    "meta": {},
    "timings": {
        "section_1": {
            "gflopss": 0.034438253793948416,
            "oi": 0.9556932429272855,
            "timings": 0.0009499999999999985
        },
        "section_2": {
            "gflopss": 1.1978570389198058,
            "oi": 2.0872340425531917,
            "timings": 0.017611333333333323
        },
        "main": {
            "gflopss": 197.88862332513472,
            "oi": 3.796805564322417,
            "timings": 49.41906033333331
        }
    }
}