{
    "timestamp": "2017-12-22T185553",
    "meta": {},
    "timings": {
        "section_1": {
            "gflopss": 0.09079354772211856,
            "oi": 0.6397738951695786,
            "timings": 0.0004990000000000032
        },
        "section_2": {
            "gflopss": 0.6890516151088532,
            "oi": 1.2716493471889154,
            "timings": 0.005626666666666685
        },
        "main": {
            "gflopss": 190.08247283657934,
            "oi": 20.83582218973781,
            "timings": 2080.6501953333322
        }
    }
}