{
    "timestamp": "2017-12-23T034310",
    "meta": {},
    "timings": {
        "section_1": {
            "gflopss": 0.08071647602848554,
            "oi": 0.6397738951695786,
            "timings": 0.0005560000000000035
        },
        "section_2": {
            "gflopss": 0.7749255182715097,
            "oi": 1.2716493471889154,
            "timings": 0.0049880000000000245
        },
        "main": {
            "gflopss": 227.5324953760935,
            "oi": 40.92647064666343,
            "timings": 3413.99091
        }
    }
}