{
    "timestamp": "2017-12-22T134623",
    "meta": {},
    "timings": {
        "section_0": {
            "gflopss": 11.813086639103318,
            "oi": 0.3479923567237046,
            "timings": 0.6704063333333332
        },
        "section_2": {
            "gflopss": 0.11567648897864653,
            "oi": 0.6397738951695786,
            "timings": 0.0003886666666666691
        },
        "section_3": {
            "gflopss": 0.9623922539724501,
            "oi": 1.2716493471889154,
            "timings": 0.004007333333333357
        },
        "main": {
            "gflopss": 183.3084423807336,
            "oi": 5.097916692186044,
            "timings": 580.6314933333332
        }
    }
}