{
    "timestamp": "2017-12-22T185553",
    "meta": {},
    "timings": {
        "section_0": {
            "gflopss": 11.929007075870166,
            "oi": 0.3459924055578137,
            "timings": 0.6601526666666667
        },
        "section_2": {
            "gflopss": 0.10682646388994738,
            "oi": 0.6397738951695786,
            "timings": 0.00042000000000000284
        },
        "section_3": {
            "gflopss": 0.9181118455386255,
            "oi": 1.2716493471889154,
            "timings": 0.004217333333333348
        },
        "main": {
            "gflopss": 320.2632917156373,
            "oi": 14.211767972845458,
            "timings": 926.4701066666662
        }
    }
}