{
    "timestamp": "2017-12-22T134623",
    "meta": {},
    "timings": {
        "section_1": {
            "gflopss": 0.11551082206906055,
            "oi": 0.6397738951695786,
            "timings": 0.000389666666666669
        },
        "section_2": {
            "gflopss": 0.9863988626549216,
            "oi": 1.2716493471889154,
            "timings": 0.003918000000000023
        },
        "main": {
            "gflopss": 146.58162428146431,
            "oi": 7.353968421315745,
            "timings": 952.2389340000003
        }
    }
}