{
    "timestamp": "2017-12-23T171527",
    "meta": {},
    "timings": {
        "section_0": {
            "gflopss": 11.717606948398233,
            "oi": 0.3420155205007362,
            "timings": 0.664313
        },
        "section_2": {
            "gflopss": 0.08641912047309969,
            "oi": 0.6397738951695786,
            "timings": 0.0005186666666666696
        },
        "section_3": {
            "gflopss": 0.663014939577409,
            "oi": 1.2716493471889154,
            "timings": 0.00581933333333335
        },
        "main": {
            "gflopss": 343.37890731468127,
            "oi": 45.80130809762971,
            "timings": 2784.8156096666667
        }
    }
}