{
    "timestamp": "2017-12-21T221341",
    "meta": {},
    "timings": {
        "section_1": {
            "gflopss": 0.04075031128813545,
            "oi": 0.6397738951695786,
            "timings": 0.0011016666666666677
        },
        "section_2": {
            "gflopss": 0.16107941828322872,
            "oi": 1.2716493471889154,
            "timings": 0.02395599999999998
        },
        "main": {
            "gflopss": 343.9040727674706,
            "oi": 7.272606829557244,
            "timings": 53.1109453333333
        }
    }
}