{
    "timestamp": "2017-12-21T231404",
    "meta": {},
    "timings": {
        "section_1": {
            "gflopss": 0.03725797244713144,
            "oi": 0.6397738951695786,
            "timings": 0.0012039999999999952
        },
        "section_2": {
            "gflopss": 0.06501095728675425,
            "oi": 1.2716493471889154,
            "timings": 0.06312833333333341
        },
        "main": {
            "gflopss": 347.36056228555134,
            "oi": 20.374728784617886,
            "timings": 147.3134636666667
        }
    }
}