{
    "timestamp": "2017-12-22T012346",
    "meta": {},
    "timings": {
        "section_0": {
            "gflopss": 20.56588562927411,
            "oi": 0.33829095021883954,
            "timings": 0.04970766666666667
        },
        "section_2": {
            "gflopss": 0.03932767783394284,
            "oi": 0.6397738951695786,
            "timings": 0.001140333333333332
        },
        "section_3": {
            "gflopss": 0.164674962707594,
            "oi": 1.2716493471889154,
            "timings": 0.023417666666666642
        },
        "main": {
            "gflopss": 347.74553117165584,
            "oi": 26.909394602002436,
            "timings": 213.7796116666666
        }
    }
}