{
    "timestamp": "2017-12-21T221341",
    "meta": {},
    "timings": {
        "section_0": {
            "gflopss": 23.158575725765743,
            "oi": 0.34606745271369954,
            "timings": 0.045699333333333335
        },
        "section_2": {
            "gflopss": 0.04157430690219755,
            "oi": 0.6397738951695786,
            "timings": 0.0010790000000000012
        },
        "section_3": {
            "gflopss": 0.13664357949718445,
            "oi": 1.2716493471889154,
            "timings": 0.02928366666666668
        },
        "main": {
            "gflopss": 407.82469202264355,
            "oi": 5.041515223894957,
            "timings": 34.154632666666664
        }
    }
}