{
    "timestamp": "2017-12-21T221341",
    "meta": {},
    "timings": {
        "section_0": {
            "gflopss": 16.966562409999728,
            "oi": 0.1647940251017617,
            "timings": 0.035112333333333336
        },
        "section_3": {
            "gflopss": 0.03748205834042868,
            "oi": 0.6397738951695786,
            "timings": 0.0011963333333333299
        },
        "section_4": {
            "gflopss": 0.1685943138148361,
            "oi": 1.2716493471889154,
            "timings": 0.02287499999999999
        },
        "main": {
            "gflopss": 109.22574921133032,
            "oi": 1.5682848656829076,
            "timings": 57.70097966666666
        }
    }
}