{
    "timestamp": "2017-12-22T092912",
    "meta": {},
    "timings": {
        "section_0": {
            "gflopss": 22.320017625865905,
            "oi": 0.33444677185643173,
            "timings": 0.045238
        },
        "section_2": {
            "gflopss": 0.03714862510160958,
            "oi": 0.6397738951695786,
            "timings": 0.001206666666666663
        },
        "section_3": {
            "gflopss": 0.10676745110219421,
            "oi": 1.2716493471889154,
            "timings": 0.040918000000000024
        },
        "main": {
            "gflopss": 260.1180925091201,
            "oi": 43.77379923872147,
            "timings": 464.91143600000004
        }
    }
}