{
    "timestamp": "2017-12-22T092912",
    "meta": {},
    "timings": {
        "section_0": {
            "gflopss": 16.116362601500683,
            "oi": 0.1592603675506818,
            "timings": 0.035833
        },
        "section_3": {
            "gflopss": 0.035793506779651374,
            "oi": 0.6397738951695786,
            "timings": 0.001255333333333328
        },
        "section_4": {
            "gflopss": 0.08065111473658289,
            "oi": 1.2716493471889154,
            "timings": 0.06357433333333344
        },
        "main": {
            "gflopss": 140.28023984946756,
            "oi": 4.457714874114182,
            "timings": 127.69404600000006
        }
    }
}