{
    "timestamp": "2017-12-21T231404",
    "meta": {},
    "timings": {
        "section_0": {
            "gflopss": 15.857688281225066,
            "oi": 0.16293546348204163,
            "timings": 0.03783366666666667
        },
        "section_3": {
            "gflopss": 0.034250012161409986,
            "oi": 0.6397738951695786,
            "timings": 0.0013113333333333278
        },
        "section_4": {
            "gflopss": 0.11824745751205727,
            "oi": 1.2716493471889154,
            "timings": 0.035993666666666625
        },
        "main": {
            "gflopss": 115.84616353302384,
            "oi": 2.5539254752625773,
            "timings": 88.63417733333337
        }
    }
}