{
    "timestamp": "2017-12-19T142956",
    "meta": {},
    "timings": {
        "section_1": {
            "gflopss": 0.1672779790426853,
            "oi": 0.9556932429272855,
            "timings": 0.00019699999999999958
        },
        "section_2": {
            "gflopss": 6.707855916656581,
            "oi": 2.0872340425531917,
            "timings": 0.00314800000000001
        },
        "main": {
            "gflopss": 130.0739846684933,
            "oi": 2.202439099509195,
            "timings": 43.61221566666668
        }
    }
}