{
    "timestamp": "2017-12-21T170348",
    "meta": {},
    "timings": {
        "section_1": {
            "gflopss": 0.15371633506343688,
            "oi": 0.6397738951695786,
            "timings": 0.00029300000000000056
        },
        "section_2": {
            "gflopss": 1.110625883197076,
            "oi": 1.2716493471889154,
            "timings": 0.003475333333333351
        },
        "main": {
            "gflopss": 259.17501581017365,
            "oi": 20.374728784617886,
            "timings": 197.43772833333324
        }
    }
}