{
    "timestamp": "2017-12-21T201147",
    "meta": {},
    "timings": {
        "section_0": {
            "gflopss": 13.319503609210445,
            "oi": 0.33444677185643173,
            "timings": 0.07561633333333333
        },
        "section_2": {
            "gflopss": 0.1441197732958165,
            "oi": 0.6397738951695786,
            "timings": 0.00031233333333333417
        },
        "section_3": {
            "gflopss": 0.8852998532563227,
            "oi": 1.2716493471889154,
            "timings": 0.004416666666666684
        },
        "main": {
            "gflopss": 458.48378711830134,
            "oi": 43.77379923872147,
            "timings": 263.7630393333333
        }
    }
}