{
    "timestamp": "2017-12-21T180247",
    "meta": {},
    "timings": {
        "section_1": {
            "gflopss": 0.13498161660459285,
            "oi": 0.6397738951695786,
            "timings": 0.0003326666666666679
        },
        "section_2": {
            "gflopss": 1.019129598132799,
            "oi": 1.2716493471889154,
            "timings": 0.0037846666666666723
        },
        "main": {
            "gflopss": 323.70999734706146,
            "oi": 39.56779349131174,
            "timings": 307.0035276666667
        }
    }
}