{
    "timestamp": "2017-12-21T163029",
    "meta": {},
    "timings": {
        "section_0": {
            "gflopss": 6.139472243906404,
            "oi": 0.1647940251017617,
            "timings": 0.09699666666666668
        },
        "section_3": {
            "gflopss": 0.1695767890807015,
            "oi": 0.6397738951695786,
            "timings": 0.00026533333333333324
        },
        "section_4": {
            "gflopss": 1.21098508451583,
            "oi": 1.2716493471889154,
            "timings": 0.0031846666666666833
        },
        "main": {
            "gflopss": 97.79408995514432,
            "oi": 1.5682848656829076,
            "timings": 64.44359633333335
        }
    }
}