{
    "timestamp": "2017-12-21T201147",
    "meta": {},
    "timings": {
        "section_1": {
            "gflopss": 0.1312625304303914,
            "oi": 0.6397738951695786,
            "timings": 0.0003420000000000014
        },
        "section_2": {
            "gflopss": 0.8600758053979126,
            "oi": 1.2716493471889154,
            "timings": 0.00450666666666668
        },
        "main": {
            "gflopss": 338.6476184904405,
            "oi": 64.40589122313914,
            "timings": 477.64921599999997
        }
    }
}