{
    "timestamp": "2017-12-21T201147",
    "meta": {},
    "timings": {
        "section_0": {
            "gflopss": 6.01594906968599,
            "oi": 0.1592603675506818,
            "timings": 0.09566433333333335
        },
        "section_3": {
            "gflopss": 0.14049020658746852,
            "oi": 0.6397738951695786,
            "timings": 0.0003223333333333344
        },
        "section_4": {
            "gflopss": 1.048092814547128,
            "oi": 1.2716493471889154,
            "timings": 0.003710000000000021
        },
        "main": {
            "gflopss": 112.79369145000004,
            "oi": 4.457714874114182,
            "timings": 158.81046366666664
        }
    }
}