{
    "timestamp": "2017-12-21T163029",
    "meta": {},
    "timings": {
        "section_0": {
            "gflopss": 13.396993015870526,
            "oi": 0.34606745271369954,
            "timings": 0.077792
        },
        "section_2": {
            "gflopss": 0.18331886627947547,
            "oi": 0.6397738951695786,
            "timings": 0.0002446666666666662
        },
        "section_3": {
            "gflopss": 1.2917285237753275,
            "oi": 1.2716493471889154,
            "timings": 0.002985333333333342
        },
        "main": {
            "gflopss": 270.98745283007145,
            "oi": 5.041515223894957,
            "timings": 51.39684533333335
        }
    }
}