{
    "timestamp": "2017-12-20T112934",
    "meta": {},
    "timings": {
        "section_1": {
            "gflopss": 0.0019583108371503187,
            "oi": 0.9556932429272855,
            "timings": 0.016698333333333332
        },
        "section_2": {
            "gflopss": 0.17016149663421087,
            "oi": 2.0872340425531917,
            "timings": 0.07947633333333336
        },
        "main": {
            "gflopss": 726.5993063922533,
            "oi": 3.7026441568299266,
            "timings": 3.6003850000000006
        }
    }
}