{
    "timestamp": "2017-12-20T114952",
    "meta": {},
    "timings": {
        "section_1": {
            "gflopss": 0.0019197020193110683,
            "oi": 0.9556932429272855,
            "timings": 0.01703733333333333
        },
        "section_2": {
            "gflopss": 0.17118574603096118,
            "oi": 2.0872340425531917,
            "timings": 0.07894800000000002
        },
        "main": {
            "gflopss": 777.0647298241829,
            "oi": 4.405159332831942,
            "timings": 4.005354333333332
        }
    }
}