{
    "timestamp": "2017-12-20T110929",
    "meta": {},
    "timings": {
        "section_1": {
            "gflopss": 0.0019927813585197593,
            "oi": 0.9556932429272855,
            "timings": 0.01641033333333333
        },
        "section_2": {
            "gflopss": 0.16436993615845905,
            "oi": 2.0872340425531917,
            "timings": 0.08363866666666668
        },
        "main": {
            "gflopss": 638.7794972641801,
            "oi": 2.9626722031451287,
            "timings": 3.2803693333333332
        }
    }
}