{
    "timestamp": "2017-12-19T142025",
    "meta": {},
    "timings": {
        "section_1": {
            "gflopss": 0.217868527612648,
            "oi": 0.9556932429272855,
            "timings": 0.00015033333333333302
        },
        "section_2": {
            "gflopss": 5.602437563887855,
            "oi": 2.0872340425531917,
            "timings": 0.0025110000000000076
        },
        "main": {
            "gflopss": 165.87904920796976,
            "oi": 2.9679791141188985,
            "timings": 14.18175133333333
        }
    }
}