{
    "timestamp": "2017-12-19T141824",
    "meta": {},
    "timings": {
        "section_1": {
            "gflopss": 0.21751381084353852,
            "oi": 0.9556932429272855,
            "timings": 0.00015199999999999968
        },
        "section_2": {
            "gflopss": 4.459021049302283,
            "oi": 2.0872340425531917,
            "timings": 0.003829666666666678
        },
        "main": {
            "gflopss": 137.34737887455844,
            "oi": 2.186257153621498,
            "timings": 12.616292666666665
        }
    }
}