{
    "timestamp": "2017-12-20T161925",
    "meta": {},
    "timings": {
        "section_1": {
            "gflopss": 0.0021426580732881654,
            "oi": 0.9556932429272855,
            "timings": 0.015262333333333315
        },
        "section_2": {
            "gflopss": 0.2494837267984039,
            "oi": 2.0872340425531917,
            "timings": 0.11054200000000003
        },
        "main": {
            "gflopss": 297.1158097286991,
            "oi": 4.621768636906401,
            "timings": 87.925998
        }
    }
}