{
    "timestamp": "2017-12-20T141723",
    "meta": {},
    "timings": {
        "section_1": {
            "gflopss": 0.002092764874900758,
            "oi": 0.9556932429272855,
            "timings": 0.015632999999999966
        },
        "section_2": {
            "gflopss": 0.24372002716980343,
            "oi": 2.0872340425531917,
            "timings": 0.11322900000000007
        },
        "main": {
            "gflopss": 155.27450690856563,
            "oi": 2.21021752521441,
            "timings": 80.47258766666671
        }
    }
}