{
    "timestamp": "2017-12-22T051503",
    "meta": {},
    "timings": {
        "section_0": {
            "gflopss": 11.737895407834445,
            "oi": 0.3420657966916722,
            "timings": 0.2853366666666666
        },
        "section_2": {
            "gflopss": 0.11297609710550843,
            "oi": 0.6397738951695786,
            "timings": 0.0004190000000000017
        },
        "section_3": {
            "gflopss": 0.9436165010733557,
            "oi": 1.2716493471889154,
            "timings": 0.004112000000000007
        },
        "main": {
            "gflopss": 322.9415771332553,
            "oi": 27.519168318445562,
            "timings": 765.0868960000001
        }
    }
}