{
    "timestamp": "2017-12-22T014040",
    "meta": {},
    "timings": {
        "section_0": {
            "gflopss": 11.934588562936142,
            "oi": 0.3446970605619895,
            "timings": 0.28264533333333336
        },
        "section_2": {
            "gflopss": 0.13358559622195934,
            "oi": 0.6397738951695786,
            "timings": 0.00033666666666666806
        },
        "section_3": {
            "gflopss": 1.0670659681774788,
            "oi": 1.2716493471889154,
            "timings": 0.003614666666666677
        },
        "main": {
            "gflopss": 320.4884890806735,
            "oi": 14.105078054106281,
            "timings": 395.1217733333333
        }
    }
}