{
    "timestamp": "2017-12-22T105923",
    "meta": {},
    "timings": {
        "section_0": {
            "gflopss": 5.898653443640993,
            "oi": 0.16164188457515416,
            "timings": 0.32180433333333336
        },
        "section_3": {
            "gflopss": 0.12995436216572906,
            "oi": 0.6397738951695786,
            "timings": 0.0003450000000000015
        },
        "section_4": {
            "gflopss": 1.0272115397379376,
            "oi": 1.2716493471889154,
            "timings": 0.0037546666666666783
        },
        "main": {
            "gflopss": 95.40120559569245,
            "oi": 4.5243737926274035,
            "timings": 619.2980996666669
        }
    }
}