{
    "timestamp": "2017-12-22T105923",
    "meta": {},
    "timings": {
        "section_0": {
            "gflopss": 11.909781986300978,
            "oi": 0.3394479576078237,
            "timings": 0.27893266666666666
        },
        "section_2": {
            "gflopss": 0.12170060751262031,
            "oi": 0.6397738951695786,
            "timings": 0.0003706666666666684
        },
        "section_3": {
            "gflopss": 1.038668033761967,
            "oi": 1.2716493471889154,
            "timings": 0.003714333333333356
        },
        "main": {
            "gflopss": 342.7487992863042,
            "oi": 45.11004728246396,
            "timings": 1181.5849353333326
        }
    }
}