{
    "timestamp": "2017-12-21T233322",
    "meta": {},
    "timings": {
        "section_0": {
            "gflopss": 11.72963432330962,
            "oi": 0.3473417835532681,
            "timings": 0.2898583333333334
        },
        "section_2": {
            "gflopss": 0.11783527430567993,
            "oi": 0.6397738951695786,
            "timings": 0.00038266666666666896
        },
        "section_3": {
            "gflopss": 1.0654864090703529,
            "oi": 1.2716493471889154,
            "timings": 0.003620000000000004
        },
        "main": {
            "gflopss": 182.22696993794725,
            "oi": 5.078830837206929,
            "timings": 250.21803433333335
        }
    }
}