{
    "timestamp": "2017-12-20T110124",
    "meta": {},
    "timings": {
        "section_1": {
            "gflopss": 0.00945108337370018,
            "oi": 0.9556932429272855,
            "timings": 0.0034616666666666754
        },
        "section_2": {
            "gflopss": 1.2832701920755738,
            "oi": 2.0872340425531917,
            "timings": 0.021499
        },
        "main": {
            "gflopss": 238.3904807537909,
            "oi": 3.837545286920657,
            "timings": 90.98750066666668
        }
    }
}