{
    "timestamp": "2017-12-20T104707",
    "meta": {},
    "timings": {
        "section_1": {
            "gflopss": 0.009262185820547211,
            "oi": 0.9556932429272855,
            "timings": 0.0035323333333333426
        },
        "section_2": {
            "gflopss": 1.374455409263173,
            "oi": 2.0872340425531917,
            "timings": 0.020137
        },
        "main": {
            "gflopss": 195.7919027633212,
            "oi": 3.0337733383599024,
            "timings": 87.58002733333332
        }
    }
}