{
    "timestamp": "2017-12-20T103253",
    "meta": {},
    "timings": {
        "section_1": {
            "gflopss": 0.009020462283850646,
            "oi": 0.9556932429272855,
            "timings": 0.0036253333333333445
        },
        "section_2": {
            "gflopss": 1.3426951264688132,
            "oi": 2.0872340425531917,
            "timings": 0.02065966666666669
        },
        "main": {
            "gflopss": 141.15263223364136,
            "oi": 2.21021752521441,
            "timings": 88.50477733333331
        }
    }
}