{
    "timestamp": "2017-12-20T111532",
    "meta": {},
    "timings": {
        "section_1": {
            "gflopss": 0.009359287717782416,
            "oi": 0.9556932429272855,
            "timings": 0.003494000000000007
        },
        "section_2": {
            "gflopss": 1.3423766970689428,
            "oi": 2.0872340425531917,
            "timings": 0.020597666666666698
        },
        "main": {
            "gflopss": 286.3055863526983,
            "oi": 4.621768636906401,
            "timings": 91.24187100000002
        }
    }
}