{
    "timestamp": "2017-12-19T160118",
    "meta": {},
    "timings": {
        "section_1": {
            "gflopss": 0.11897027135815486,
            "oi": 0.9556932429272855,
            "timings": 0.00027533333333333343
        },
        "section_2": {
            "gflopss": 3.299384987169353,
            "oi": 2.0872340425531917,
            "timings": 0.008524999999999993
        },
        "main": {
            "gflopss": 138.7161053064432,
            "oi": 4.625986091905757,
            "timings": 199.75394266666672
        }
    }
}