{
    "timestamp": "2017-12-19T152124",
    "meta": {},
    "timings": {
        "section_1": {
            "gflopss": 0.14009231288815538,
            "oi": 0.9556932429272855,
            "timings": 0.00023366666666666618
        },
        "section_2": {
            "gflopss": 3.3445923726197715,
            "oi": 2.0872340425531917,
            "timings": 0.00841033333333332
        },
        "main": {
            "gflopss": 152.4795351714113,
            "oi": 3.035146417817541,
            "timings": 119.23049366666669
        }
    }
}