{
    "timestamp": "2017-12-19T153958",
    "meta": {},
    "timings": {
        "section_1": {
            "gflopss": 0.12199095712253606,
            "oi": 0.9556932429272855,
            "timings": 0.00026833333333333337
        },
        "section_2": {
            "gflopss": 3.1655838712353224,
            "oi": 2.0872340425531917,
            "timings": 0.00888566666666666
        },
        "main": {
            "gflopss": 143.6668685167457,
            "oi": 3.8401610815822664,
            "timings": 160.1101850000001
        }
    }
}