{
    "timestamp": "2017-12-20T145641",
    "meta": {},
    "timings": {
        "section_1": {
            "gflopss": 0.002129101055599792,
            "oi": 0.9556932429272855,
            "timings": 0.015363999999999975
        },
        "section_2": {
            "gflopss": 0.24426800110756752,
            "oi": 2.0872340425531917,
            "timings": 0.11313766666666669
        },
        "main": {
            "gflopss": 225.046757024778,
            "oi": 3.0337733383599024,
            "timings": 76.39289833333335
        }
    }
}