{
    "timestamp": "2017-12-20T153734",
    "meta": {},
    "timings": {
        "section_1": {
            "gflopss": 0.0021608322911263952,
            "oi": 0.9556932429272855,
            "timings": 0.015136666666666626
        },
        "section_2": {
            "gflopss": 0.2536273500565558,
            "oi": 2.0872340425531917,
            "timings": 0.10874166666666679
        },
        "main": {
            "gflopss": 267.99227470998585,
            "oi": 3.837545286920657,
            "timings": 80.93734733333334
        }
    }
}