{
    "timestamp": "2017-12-20T093524",
    "meta": {},
    "timings": {
        "section_1": {
            "gflopss": 0.00970250152090932,
            "oi": 0.9556932429272855,
            "timings": 0.003373000000000005
        },
        "section_2": {
            "gflopss": 1.278427876380627,
            "oi": 2.0872340425531917,
            "timings": 0.01057100000000002
        },
        "main": {
            "gflopss": 141.57110535720906,
            "oi": 2.18431680361913,
            "timings": 10.901019666666656
        }
    }
}