{
    "timestamp": "2017-12-21T102937",
    "meta": {},
    "timings": {
        "section_0": {
            "gflopss": 6.058919036424121,
            "oi": 0.16109092867563787,
            "timings": 0.09607766666666667
        },
        "section_3": {
            "gflopss": 0.15353809340116178,
            "oi": 0.6397738951695786,
            "timings": 0.00029200000000000065
        },
        "section_4": {
            "gflopss": 1.1052958891303486,
            "oi": 1.2716493471889154,
            "timings": 0.0034900000000000152
        },
        "main": {
            "gflopss": 110.845477584141,
            "oi": 3.516982932484531,
            "timings": 127.50134766666658
        }
    }
}