{
    "timestamp": "2017-12-21T104114",
    "meta": {},
    "timings": {
        "section_0": {
            "gflopss": 6.01466559825455,
            "oi": 0.1592603675506818,
            "timings": 0.09568533333333334
        },
        "section_3": {
            "gflopss": 0.13744150130196595,
            "oi": 0.6397738951695786,
            "timings": 0.00032866666666666786
        },
        "section_4": {
            "gflopss": 1.1017808223630696,
            "oi": 1.2716493471889154,
            "timings": 0.0035003333333333496
        },
        "main": {
            "gflopss": 110.25196779160378,
            "oi": 4.457714874114182,
            "timings": 162.4840596666667
        }
    }
}