{
    "timestamp": "2017-12-22T190304",
    "meta": {},
    "timings": {
        "section_0": {
            "gflopss": 13.788284562672041,
            "oi": 0.34400013173820015,
            "timings": 0.5677806666666667
        },
        "section_2": {
            "gflopss": 0.1016978612245747,
            "oi": 0.6397738951695786,
            "timings": 0.00044166666666666947
        },
        "section_3": {
            "gflopss": 0.7669612224699209,
            "oi": 1.2716493471889154,
            "timings": 0.005028000000000025
        },
        "main": {
            "gflopss": 452.12358937757045,
            "oi": 27.833408212165278,
            "timings": 1285.2864579999998
        }
    }
}