{
    "timestamp": "2017-12-23T052751",
    "meta": {},
    "timings": {
        "section_0": {
            "gflopss": 6.120097588033986,
            "oi": 0.16286453357177916,
            "timings": 0.7267436666666667
        },
        "section_3": {
            "gflopss": 0.10634011252319837,
            "oi": 0.6397738951695786,
            "timings": 0.00042200000000000267
        },
        "section_4": {
            "gflopss": 0.7470762951370608,
            "oi": 1.2716493471889154,
            "timings": 0.005162333333333345
        },
        "main": {
            "gflopss": 116.7214400747235,
            "oi": 4.558595869983477,
            "timings": 1186.036659333332
        }
    }
}