{
    "timestamp": "2017-12-22T081623",
    "meta": {},
    "timings": {
        "section_0": {
            "gflopss": 13.908651335234355,
            "oi": 0.3479923567237046,
            "timings": 0.5693983333333333
        },
        "section_2": {
            "gflopss": 0.10988263341279952,
            "oi": 0.6397738951695786,
            "timings": 0.0004080000000000028
        },
        "section_3": {
            "gflopss": 1.007399419625096,
            "oi": 1.2716493471889154,
            "timings": 0.003828666666666687
        },
        "main": {
            "gflopss": 230.04332963285458,
            "oi": 5.097916692186044,
            "timings": 462.6745230000002
        }
    }
}