{
    "timestamp": "2017-12-22T081623",
    "meta": {},
    "timings": {
        "section_1": {
            "gflopss": 0.11069934931248733,
            "oi": 0.6397738951695786,
            "timings": 0.0004060000000000025
        },
        "section_2": {
            "gflopss": 0.7635934383500816,
            "oi": 1.2716493471889154,
            "timings": 0.0050576666666666895
        },
        "main": {
            "gflopss": 204.46805259174207,
            "oi": 7.353968421315745,
            "timings": 682.6444930000001
        }
    }
}