{
    "timestamp": "2017-12-19T142457",
    "meta": {},
    "timings": {
        "section_1": {
            "gflopss": 0.21379761251950946,
            "oi": 0.9556932429272855,
            "timings": 0.00015299999999999968
        },
        "section_2": {
            "gflopss": 5.620062879721441,
            "oi": 2.0872340425531917,
            "timings": 0.0025036666666666736
        },
        "main": {
            "gflopss": 204.53176969140077,
            "oi": 4.421205307860626,
            "timings": 17.13380533333334
        }
    }
}