{
    "timestamp": "2017-12-19T142236",
    "meta": {},
    "timings": {
        "section_1": {
            "gflopss": 0.2303043735224591,
            "oi": 0.9556932429272855,
            "timings": 0.00014199999999999974
        },
        "section_2": {
            "gflopss": 4.8540806101941625,
            "oi": 2.0872340425531917,
            "timings": 0.0028983333333333417
        },
        "main": {
            "gflopss": 189.9896418638588,
            "oi": 3.71267539684141,
            "timings": 15.488455000000004
        }
    }
}