{
    "timestamp": "2017-12-20T130954",
    "meta": {},
    "timings": {
        "section_1": {
            "gflopss": 0.0018971609635742431,
            "oi": 0.9556932429272855,
            "timings": 0.01723633333333332
        },
        "section_2": {
            "gflopss": 0.15048686949367382,
            "oi": 2.0872340425531917,
            "timings": 0.14621266666666677
        },
        "main": {
            "gflopss": 800.3569608421462,
            "oi": 3.792220420025765,
            "timings": 11.301460000000004
        }
    }
}