{
    "timestamp": "2017-12-20T133658",
    "meta": {},
    "timings": {
        "section_1": {
            "gflopss": 0.002015084694267977,
            "oi": 0.9556932429272855,
            "timings": 0.016273333333333306
        },
        "section_2": {
            "gflopss": 0.2049225312498338,
            "oi": 2.0872340425531917,
            "timings": 0.10300400000000005
        },
        "main": {
            "gflopss": 849.0377072846194,
            "oi": 4.548794700985863,
            "timings": 12.778376666666668
        }
    }
}