{
    "timestamp": "2017-12-20T124257",
    "meta": {},
    "timings": {
        "section_1": {
            "gflopss": 0.002035645231458204,
            "oi": 0.9556932429272855,
            "timings": 0.01606599999999998
        },
        "section_2": {
            "gflopss": 0.20290675085192147,
            "oi": 2.0872340425531917,
            "timings": 0.10338933333333333
        },
        "main": {
            "gflopss": 743.4820285145878,
            "oi": 3.009948002571433,
            "timings": 9.653726333333335
        }
    }
}