{
    "timestamp": "2017-12-21T170348",
    "meta": {},
    "timings": {
        "section_0": {
            "gflopss": 13.520168109392799,
            "oi": 0.34216447331228744,
            "timings": 0.07621133333333334
        },
        "section_2": {
            "gflopss": 0.1844765217391308,
            "oi": 0.6397738951695786,
            "timings": 0.0002433333333333329
        },
        "section_3": {
            "gflopss": 1.172694982417436,
            "oi": 1.2716493471889154,
            "timings": 0.0032883333333333514
        },
        "main": {
            "gflopss": 427.18204672882416,
            "oi": 13.897263825723243,
            "timings": 89.875294
        }
    }
}