{
    "timestamp": "2017-12-21T170348",
    "meta": {},
    "timings": {
        "section_0": {
            "gflopss": 6.070464513944615,
            "oi": 0.16293546348204163,
            "timings": 0.09699399999999998
        },
        "section_3": {
            "gflopss": 0.1857799354571448,
            "oi": 0.6397738951695786,
            "timings": 0.0002416666666666662
        },
        "section_4": {
            "gflopss": 0.9624538493134823,
            "oi": 1.2716493471889154,
            "timings": 0.004027000000000013
        },
        "main": {
            "gflopss": 109.46125961939619,
            "oi": 2.5539254752625773,
            "timings": 93.75593166666664
        }
    }
}