{
    "timestamp": "2017-12-21T180247",
    "meta": {},
    "timings": {
        "section_0": {
            "gflopss": 13.275772560666988,
            "oi": 0.33829095021883954,
            "timings": 0.076739
        },
        "section_2": {
            "gflopss": 0.15544799050822997,
            "oi": 0.6397738951695786,
            "timings": 0.00028833333333333375
        },
        "section_3": {
            "gflopss": 0.977994435772552,
            "oi": 1.2716493471889154,
            "timings": 0.003975333333333349
        },
        "main": {
            "gflopss": 446.89849146197497,
            "oi": 26.909394602002436,
            "timings": 166.3491256666667
        }
    }
}