{
    "timestamp": "2017-12-21T180247",
    "meta": {},
    "timings": {
        "section_0": {
            "gflopss": 6.009007977592151,
            "oi": 0.16109092867563787,
            "timings": 0.09687600000000002
        },
        "section_3": {
            "gflopss": 0.15373938575328985,
            "oi": 0.6397738951695786,
            "timings": 0.0002926666666666672
        },
        "section_4": {
            "gflopss": 1.0214420500925772,
            "oi": 1.2716493471889154,
            "timings": 0.0038023333333333455
        },
        "main": {
            "gflopss": 110.30207932939084,
            "oi": 3.516982932484531,
            "timings": 128.12643566666674
        }
    }
}