{
    "timestamp": "2017-12-21T163029",
    "meta": {},
    "timings": {
        "section_1": {
            "gflopss": 0.175320299447372,
            "oi": 0.6397738951695786,
            "timings": 0.00025666666666666644
        },
        "section_2": {
            "gflopss": 1.1772278958823919,
            "oi": 1.2716493471889154,
            "timings": 0.0032766666666666847
        },
        "main": {
            "gflopss": 253.10542663606202,
            "oi": 7.272606829557244,
            "timings": 72.16846866666666
        }
    }
}