{
    "timestamp": "2017-12-21T141953",
    "meta": {},
    "timings": {
        "section_0": {
            "gflopss": 4.492728198825745,
            "oi": 0.16164188457515416,
            "timings": 0.42350466666666664
        },
        "section_3": {
            "gflopss": 0.0322601682927143,
            "oi": 0.6397738951695786,
            "timings": 0.0013903333333333291
        },
        "section_4": {
            "gflopss": 0.08870031477528877,
            "oi": 1.2716493471889154,
            "timings": 0.04790366666666668
        },
        "main": {
            "gflopss": 111.64637236086521,
            "oi": 4.5243737926274035,
            "timings": 529.1863273333332
        }
    }
}