{
    "timestamp": "2017-12-21T114116",
    "meta": {},
    "timings": {
        "section_0": {
            "gflopss": 4.738870708755048,
            "oi": 0.16540084931108004,
            "timings": 0.40987966666666664
        },
        "section_3": {
            "gflopss": 0.03521795204301529,
            "oi": 0.6397738951695786,
            "timings": 0.0012743333333333276
        },
        "section_4": {
            "gflopss": 0.047242581991809925,
            "oi": 1.2716493471889154,
            "timings": 0.08780233333333316
        },
        "main": {
            "gflopss": 56.69246902017087,
            "oi": 1.5740597912180796,
            "timings": 362.78288433333324
        }
    }
}