{
    "timestamp": "2017-12-22T012818",
    "meta": {},
    "timings": {
        "section_0": {
            "gflopss": 6.119856541721771,
            "oi": 0.162888474615082,
            "timings": 0.31256433333333333
        },
        "section_3": {
            "gflopss": 0.14632387041632708,
            "oi": 0.6397738951695786,
            "timings": 0.00030733333333333415
        },
        "section_4": {
            "gflopss": 0.9853322171892035,
            "oi": 1.2716493471889154,
            "timings": 0.003916000000000009
        },
        "main": {
            "gflopss": 112.3225040618867,
            "oi": 3.55622746624789,
            "timings": 413.4451533333331
        }
    }
}