{
    "timestamp": "2017-12-21T224607",
    "meta": {},
    "timings": {
        "section_1": {
            "gflopss": 0.1092956302288237,
            "oi": 0.6397738951695786,
            "timings": 0.00041500000000000266
        },
        "section_2": {
            "gflopss": 1.0162700902591044,
            "oi": 1.2716493471889154,
            "timings": 0.003795333333333348
        },
        "main": {
            "gflopss": 278.62994437133096,
            "oi": 20.67940448150232,
            "timings": 605.7419800000002
        }
    }
}