{
    "timestamp": "2017-12-22T012818",
    "meta": {},
    "timings": {
        "section_0": {
            "gflopss": 13.654420287269344,
            "oi": 0.3420657966916722,
            "timings": 0.245158
        },
        "section_2": {
            "gflopss": 0.12199740599293692,
            "oi": 0.6397738951695786,
            "timings": 0.000382333333333335
        },
        "section_3": {
            "gflopss": 0.9115110309495592,
            "oi": 1.2716493471889154,
            "timings": 0.004243999999999998
        },
        "main": {
            "gflopss": 468.4450980950963,
            "oi": 27.519168318445562,
            "timings": 527.4057166666666
        }
    }
}