{
    "timestamp": "2017-12-21T210853",
    "meta": {},
    "timings": {
        "section_1": {
            "gflopss": 0.1349406896957912,
            "oi": 0.6397738951695786,
            "timings": 0.00033233333333333465
        },
        "section_2": {
            "gflopss": 0.8858958616759346,
            "oi": 1.2716493471889154,
            "timings": 0.00436533333333335
        },
        "main": {
            "gflopss": 208.14961566648037,
            "oi": 7.326436238409468,
            "timings": 287.27157366666665
        }
    }
}