{
    "timestamp": "2017-12-21T210853",
    "meta": {},
    "timings": {
        "section_0": {
            "gflopss": 13.755794938843001,
            "oi": 0.3473417835532681,
            "timings": 0.247112
        },
        "section_2": {
            "gflopss": 0.1210522603742835,
            "oi": 0.6397738951695786,
            "timings": 0.0003706666666666689
        },
        "section_3": {
            "gflopss": 1.1237460894552154,
            "oi": 1.2716493471889154,
            "timings": 0.003431666666666685
        },
        "main": {
            "gflopss": 224.09498722794152,
            "oi": 5.078830837206929,
            "timings": 203.47124266666665
        }
    }
}