{
    "timestamp": "2017-12-22T060010",
    "meta": {},
    "timings": {
        "section_0": {
            "gflopss": 13.54950623976925,
            "oi": 0.3394479576078237,
            "timings": 0.24516533333333335
        },
        "section_2": {
            "gflopss": 0.1378863985062324,
            "oi": 0.6397738951695786,
            "timings": 0.00032666666666666765
        },
        "section_3": {
            "gflopss": 0.9480045812439714,
            "oi": 1.2716493471889154,
            "timings": 0.004088333333333347
        },
        "main": {
            "gflopss": 490.93449867007706,
            "oi": 45.11004728246396,
            "timings": 824.9302780000004
        }
    }
}