{
    "timestamp": "2017-12-21T224607",
    "meta": {},
    "timings": {
        "section_0": {
            "gflopss": 6.1301486431155325,
            "oi": 0.16414145741047123,
            "timings": 0.3144396666666666
        },
        "section_3": {
            "gflopss": 0.11938067025168118,
            "oi": 0.6397738951695786,
            "timings": 0.00037666666666666903
        },
        "section_4": {
            "gflopss": 0.9663217064280846,
            "oi": 1.2716493471889154,
            "timings": 0.003990666666666676
        },
        "main": {
            "gflopss": 114.8842569232101,
            "oi": 2.5728287793745626,
            "timings": 292.44587666666683
        }
    }
}