{
    "timestamp": "2017-12-22T012818",
    "meta": {},
    "timings": {
        "section_1": {
            "gflopss": 0.1313991890462474,
            "oi": 0.6397738951695786,
            "timings": 0.0003430000000000013
        },
        "section_2": {
            "gflopss": 0.9558852532321666,
            "oi": 1.2716493471889154,
            "timings": 0.004035333333333343
        },
        "main": {
            "gflopss": 329.9771982181574,
            "oi": 40.46440974171434,
            "timings": 1000.8428523333333
        }
    }
}