{
    "timestamp": "2017-12-20T104948",
    "meta": {},
    "timings": {
        "section_1": {
            "gflopss": 0.0019786760054768013,
            "oi": 0.9556932429272855,
            "timings": 0.016557666666666655
        },
        "section_2": {
            "gflopss": 0.14507094323615743,
            "oi": 2.0872340425531917,
            "timings": 0.10665466666666663
        },
        "main": {
            "gflopss": 484.16880066456787,
            "oi": 2.18431680361913,
            "timings": 3.1955026666666675
        }
    }
}