{
    "timestamp": "2017-12-21T101254",
    "meta": {},
    "timings": {
        "section_0": {
            "gflopss": 5.941243351678757,
            "oi": 0.1647940251017617,
            "timings": 0.10023366666666667
        },
        "section_3": {
            "gflopss": 0.16104055156053068,
            "oi": 0.6397738951695786,
            "timings": 0.0002836666666666671
        },
        "section_4": {
            "gflopss": 1.2020019437008014,
            "oi": 1.2716493471889154,
            "timings": 0.003209666666666684
        },
        "main": {
            "gflopss": 82.15462671014863,
            "oi": 1.5682848656829076,
            "timings": 76.70876099999998
        }
    }
}