{
    "timestamp": "2017-12-21T104710",
    "meta": {},
    "timings": {
        "section_0": {
            "gflopss": 5.816427547927229,
            "oi": 0.1592603675506818,
            "timings": 0.09894633333333332
        },
        "section_3": {
            "gflopss": 0.13678488063660424,
            "oi": 0.6397738951695786,
            "timings": 0.0003283333333333346
        },
        "section_4": {
            "gflopss": 1.1344092016987408,
            "oi": 1.2716493471889154,
            "timings": 0.0034000000000000193
        },
        "main": {
            "gflopss": 90.50472758332022,
            "oi": 4.457714874114182,
            "timings": 197.921234
        }
    }
}