{
    "timestamp": "2017-12-21T233322",
    "meta": {},
    "timings": {
        "section_1": {
            "gflopss": 0.11031320247078603,
            "oi": 0.6397738951695786,
            "timings": 0.00040933333333333615
        },
        "section_2": {
            "gflopss": 0.9063313790204873,
            "oi": 1.2716493471889154,
            "timings": 0.004255666666666676
        },
        "main": {
            "gflopss": 150.40798341804373,
            "oi": 7.326436238409468,
            "timings": 397.5611616666668
        }
    }
}