{
    "timestamp": "2017-12-22T051503",
    "meta": {},
    "timings": {
        "section_0": {
            "gflopss": 5.92221459820954,
            "oi": 0.162888474615082,
            "timings": 0.3229963333333333
        },
        "section_3": {
            "gflopss": 0.1266594740672374,
            "oi": 0.6397738951695786,
            "timings": 0.0003553333333333351
        },
        "section_4": {
            "gflopss": 0.9998460025739959,
            "oi": 1.2716493471889154,
            "timings": 0.0038573333333333354
        },
        "main": {
            "gflopss": 83.34709517264166,
            "oi": 3.55622746624789,
            "timings": 557.17793
        }
    }
}