{
    "timestamp": "2017-12-22T014040",
    "meta": {},
    "timings": {
        "section_0": {
            "gflopss": 5.949097319363556,
            "oi": 0.16414145741047123,
            "timings": 0.3240093333333333
        },
        "section_3": {
            "gflopss": 0.1294305454776259,
            "oi": 0.6397738951695786,
            "timings": 0.00034666666666666835
        },
        "section_4": {
            "gflopss": 1.0376017868105984,
            "oi": 1.2716493471889154,
            "timings": 0.0037179999999999995
        },
        "main": {
            "gflopss": 88.10523447947763,
            "oi": 2.5728287793745626,
            "timings": 381.33409
        }
    }
}