{
    "timestamp": "2017-12-22T105923",
    "meta": {},
    "timings": {
        "section_1": {
            "gflopss": 0.10887988482106074,
            "oi": 0.6397738951695786,
            "timings": 0.0004126666666666688
        },
        "section_2": {
            "gflopss": 0.9579148845721192,
            "oi": 1.2716493471889154,
            "timings": 0.0040333333333333575
        },
        "main": {
            "gflopss": 248.2671034410298,
            "oi": 66.3719587715159,
            "timings": 2181.929812333332
        }
    }
}