{
    "timestamp": "2017-12-22T051503",
    "meta": {},
    "timings": {
        "section_1": {
            "gflopss": 0.11817869371598157,
            "oi": 0.6397738951695786,
            "timings": 0.0003793333333333353
        },
        "section_2": {
            "gflopss": 0.9770183398371522,
            "oi": 1.2716493471889154,
            "timings": 0.003947333333333358
        },
        "main": {
            "gflopss": 228.0288959284908,
            "oi": 40.46440974171434,
            "timings": 1448.3018306666663
        }
    }
}