{
    "timestamp": "2017-12-22T014040",
    "meta": {},
    "timings": {
        "section_1": {
            "gflopss": 0.10659388569655115,
            "oi": 0.6397738951695786,
            "timings": 0.00042333333333333627
        },
        "section_2": {
            "gflopss": 0.8373602995683082,
            "oi": 1.2716493471889154,
            "timings": 0.004618000000000019
        },
        "main": {
            "gflopss": 191.60631251913898,
            "oi": 20.67940448150232,
            "timings": 880.8529093333327
        }
    }
}