{
    "timestamp": "2017-12-21T233322",
    "meta": {},
    "timings": {
        "section_0": {
            "gflopss": 5.963083349404237,
            "oi": 0.16540084931108004,
            "timings": 0.32573
        },
        "section_3": {
            "gflopss": 0.12398691348266373,
            "oi": 0.6397738951695786,
            "timings": 0.000362000000000002
        },
        "section_4": {
            "gflopss": 1.130846291273998,
            "oi": 1.2716493471889154,
            "timings": 0.0034110000000000204
        },
        "main": {
            "gflopss": 82.9610051644025,
            "oi": 1.5740597912180796,
            "timings": 247.76666866666662
        }
    }
}