{
    "timestamp": "2017-12-19T150405",
    "meta": {},
    "timings": {
        "section_1": {
            "gflopss": 0.12834091136898587,
            "oi": 0.9556932429272855,
            "timings": 0.0002549999999999997
        },
        "section_2": {
            "gflopss": 1.9903641513366095,
            "oi": 2.0872340425531917,
            "timings": 0.01413366666666666
        },
        "main": {
            "gflopss": 131.03961390576066,
            "oi": 2.210715695954507,
            "timings": 101.05264066666662
        }
    }
}