{
    "timestamp": "2017-12-24T053145",
    "meta": {},
    "timings": {
        "section_0": {
            "gflopss": 10.253090675033528,
            "oi": 0.34400013173820015,
            "timings": 0.763564
        },
        "section_2": {
            "gflopss": 0.032182778573145714,
            "oi": 0.6397738951695786,
            "timings": 0.0013943333333333301
        },
        "section_3": {
            "gflopss": 0.11986352250650274,
            "oi": 1.2716493471889154,
            "timings": 0.03265333333333336
        },
        "main": {
            "gflopss": 267.01812140817265,
            "oi": 27.833408212165278,
            "timings": 2176.286302666667
        }
    }
}