{
    "timestamp": "2017-12-23T172027",
    "meta": {},
    "timings": {
        "section_0": {
            "gflopss": 4.727293321366536,
            "oi": 0.1647582883608637,
            "timings": 0.9518056666666667
        },
        "section_3": {
            "gflopss": 0.0336736504481602,
            "oi": 0.6397738951695786,
            "timings": 0.0013326666666666615
        },
        "section_4": {
            "gflopss": 0.06088077874763977,
            "oi": 1.2716493471889154,
            "timings": 0.08249666666666726
        },
        "main": {
            "gflopss": 59.94891437022435,
            "oi": 2.582497271699509,
            "timings": 1308.2059170000002
        }
    }
}