{
    "timestamp": "2017-12-25T080449",
    "meta": {},
    "timings": {
        "section_1": {
            "gflopss": 0.03486868700749054,
            "oi": 0.6397738951695786,
            "timings": 0.001286333333333328
        },
        "section_2": {
            "gflopss": 0.1094646007696327,
            "oi": 1.2716493471889154,
            "timings": 0.043319666666666805
        },
        "main": {
            "gflopss": 222.64370819702057,
            "oi": 67.38903450272184,
            "timings": 5744.841973666668
        }
    }
}