{
    "timestamp": "2017-12-24T053145",
    "meta": {},
    "timings": {
        "section_0": {
            "gflopss": 4.7400985394582955,
            "oi": 0.16380958654200006,
            "timings": 0.9437746666666667
        },
        "section_3": {
            "gflopss": 0.03158775120518347,
            "oi": 0.6397738951695786,
            "timings": 0.0014199999999999953
        },
        "section_4": {
            "gflopss": 0.04120302010780569,
            "oi": 1.2716493471889154,
            "timings": 0.09688066666666695
        },
        "main": {
            "gflopss": 61.7538706997312,
            "oi": 3.5763374435911928,
            "timings": 1758.700936333333
        }
    }
}