{
    "timestamp": "2017-12-19T145032",
    "meta": {},
    "timings": {
        "section_1": {
            "gflopss": 0.19227735969677537,
            "oi": 0.9556932429272855,
            "timings": 0.000170333333333333
        },
        "section_2": {
            "gflopss": 7.8446395591468745,
            "oi": 2.0872340425531917,
            "timings": 0.0026900000000000045
        },
        "main": {
            "gflopss": 169.15327308516132,
            "oi": 4.556167934965351,
            "timings": 69.37713833333333
        }
    }
}