{
    "timestamp": "2017-12-21T101956",
    "meta": {},
    "timings": {
        "section_0": {
            "gflopss": 15.455951063811016,
            "oi": 0.1647940251017617,
            "timings": 0.03926166666666666
        },
        "section_3": {
            "gflopss": 0.03664326189663667,
            "oi": 0.6397738951695786,
            "timings": 0.0012279999999999962
        },
        "section_4": {
            "gflopss": 0.17042566116558458,
            "oi": 1.2716493471889154,
            "timings": 0.022626999999999998
        },
        "main": {
            "gflopss": 108.56595708750469,
            "oi": 1.5682848656829076,
            "timings": 58.069390666666685
        }
    }
}