{
    "timestamp": "2017-12-21T110930",
    "meta": {},
    "timings": {
        "section_0": {
            "gflopss": 16.315475700477677,
            "oi": 0.1592603675506818,
            "timings": 0.03531666666666666
        },
        "section_3": {
            "gflopss": 0.03609215703480391,
            "oi": 0.6397738951695786,
            "timings": 0.0012539999999999954
        },
        "section_4": {
            "gflopss": 0.08663512796718476,
            "oi": 1.2716493471889154,
            "timings": 0.06419733333333345
        },
        "main": {
            "gflopss": 142.21352580236208,
            "oi": 4.457714874114182,
            "timings": 126.00151733333335
        }
    }
}