{
    "timestamp": "2017-12-19T142106",
    "meta": {},
    "timings": {
        "section_1": {
            "gflopss": 0.037968611419274545,
            "oi": 0.9556932429272855,
            "timings": 0.0008613333333333341
        },
        "section_2": {
            "gflopss": 0.8325417334502578,
            "oi": 2.0872340425531917,
            "timings": 0.016892666666666663
        },
        "main": {
            "gflopss": 366.4556587923972,
            "oi": 2.186257153621498,
            "timings": 4.72860233333333
        }
    }
}