{
    "timestamp": "2017-12-19T142606",
    "meta": {},
    "timings": {
        "section_1": {
            "gflopss": 0.03875958291510655,
            "oi": 0.9556932429272855,
            "timings": 0.0008446666666666675
        },
        "section_2": {
            "gflopss": 0.6341024556744342,
            "oi": 2.0872340425531917,
            "timings": 0.028795
        },
        "main": {
            "gflopss": 314.2109875093698,
            "oi": 2.9679791141188985,
            "timings": 7.486765666666666
        }
    }
}