{
    "timestamp": "2017-12-19T143835",
    "meta": {},
    "timings": {
        "section_1": {
            "gflopss": 0.047937687555295934,
            "oi": 0.9556932429272855,
            "timings": 0.0006843333333333359
        },
        "section_2": {
            "gflopss": 0.7540611931218334,
            "oi": 2.0872340425531917,
            "timings": 0.018651333333333325
        },
        "main": {
            "gflopss": 249.34709446220253,
            "oi": 4.421205307860626,
            "timings": 14.053686666666664
        }
    }
}