{
    "timestamp": "2017-12-21T104809",
    "meta": {},
    "timings": {
        "section_0": {
            "gflopss": 16.055544432501254,
            "oi": 0.16109092867563787,
            "timings": 0.03628833333333334
        },
        "section_3": {
            "gflopss": 0.03199600403780181,
            "oi": 0.6397738951695786,
            "timings": 0.0014026666666666617
        },
        "section_4": {
            "gflopss": 0.097033247895682,
            "oi": 1.2716493471889154,
            "timings": 0.06796166666666632
        },
        "main": {
            "gflopss": 126.764408930859,
            "oi": 3.516982932484531,
            "timings": 111.48695200000004
        }
    }
}