{
    "timestamp": "2017-12-21T103159",
    "meta": {},
    "timings": {
        "section_0": {
            "gflopss": 16.160847253342364,
            "oi": 0.16293546348204163,
            "timings": 0.03672700000000001
        },
        "section_3": {
            "gflopss": 0.03380957104232308,
            "oi": 0.6397738951695786,
            "timings": 0.0013263333333333276
        },
        "section_4": {
            "gflopss": 0.10337793438299214,
            "oi": 1.2716493471889154,
            "timings": 0.03923033333333336
        },
        "main": {
            "gflopss": 116.20298799058126,
            "oi": 2.5539254752625773,
            "timings": 88.37174700000004
        }
    }
}