{
    "timestamp": "2017-12-22T132622",
    "meta": {},
    "timings": {
        "section_0": {
            "gflopss": 10.1744521304753,
            "oi": 0.3446970605619895,
            "timings": 0.33155599999999996
        },
        "section_2": {
            "gflopss": 0.03480527319281814,
            "oi": 0.6397738951695786,
            "timings": 0.0012906666666666615
        },
        "section_3": {
            "gflopss": 0.11700533765104319,
            "oi": 1.2716493471889154,
            "timings": 0.04613700000000002
        },
        "main": {
            "gflopss": 426.5589599479254,
            "oi": 14.105078054106281,
            "timings": 296.87087633333323
        }
    }
}