{
    "timestamp": "2017-12-23T072739",
    "meta": {},
    "timings": {
        "section_0": {
            "gflopss": 10.002981448577264,
            "oi": 0.3394479576078237,
            "timings": 0.33210366666666663
        },
        "section_2": {
            "gflopss": 0.035982799232466826,
            "oi": 0.6397738951695786,
            "timings": 0.0012456666666666616
        },
        "section_3": {
            "gflopss": 0.14195861353521602,
            "oi": 1.2716493471889154,
            "timings": 0.027288666666666683
        },
        "main": {
            "gflopss": 210.66019810744908,
            "oi": 45.11004728246396,
            "timings": 1922.464339999998
        }
    }
}