{
    "timestamp": "2017-12-22T182518",
    "meta": {},
    "timings": {
        "section_0": {
            "gflopss": 4.603894611155848,
            "oi": 0.162888474615082,
            "timings": 0.4156243333333334
        },
        "section_3": {
            "gflopss": 0.036838086719949724,
            "oi": 0.6397738951695786,
            "timings": 0.0012179999999999962
        },
        "section_4": {
            "gflopss": 0.08272899692642326,
            "oi": 1.2716493471889154,
            "timings": 0.04918466666666669
        },
        "main": {
            "gflopss": 72.51326766764727,
            "oi": 3.55622746624789,
            "timings": 640.4230156666666
        }
    }
}