{
    "timestamp": "2017-12-22T132622",
    "meta": {},
    "timings": {
        "section_0": {
            "gflopss": 4.700728973506293,
            "oi": 0.16414145741047123,
            "timings": 0.4100566666666667
        },
        "section_3": {
            "gflopss": 0.0341184067199013,
            "oi": 0.6397738951695786,
            "timings": 0.0013136666666666603
        },
        "section_4": {
            "gflopss": 0.05064856155775827,
            "oi": 1.2716493471889154,
            "timings": 0.0768936666666669
        },
        "main": {
            "gflopss": 66.53130616053222,
            "oi": 2.5728287793745626,
            "timings": 504.98632666666646
        }
    }
}