{
    "timestamp": "2017-12-22T182518",
    "meta": {},
    "timings": {
        "section_0": {
            "gflopss": 10.043014995487155,
            "oi": 0.3420657966916722,
            "timings": 0.33331666666666665
        },
        "section_2": {
            "gflopss": 0.03585642924857987,
            "oi": 0.6397738951695786,
            "timings": 0.0012499999999999953
        },
        "section_3": {
            "gflopss": 0.12430550605699159,
            "oi": 1.2716493471889154,
            "timings": 0.03597166666666663
        },
        "main": {
            "gflopss": 322.2092444937227,
            "oi": 27.519168318445562,
            "timings": 766.7721749999996
        }
    }
}