{
    "timestamp": "2017-12-23T072739",
    "meta": {},
    "timings": {
        "section_0": {
            "gflopss": 4.647099541874931,
            "oi": 0.16164188457515416,
            "timings": 0.4084716666666666
        },
        "section_3": {
            "gflopss": 0.0341762295267773,
            "oi": 0.6397738951695786,
            "timings": 0.0013126666666666614
        },
        "section_4": {
            "gflopss": 0.10294002974688532,
            "oi": 1.2716493471889154,
            "timings": 0.04219433333333328
        },
        "main": {
            "gflopss": 105.62413911141671,
            "oi": 4.5243737926274035,
            "timings": 559.3582269999998
        }
    }
}