{
    "timestamp": "2017-12-22T182518",
    "meta": {},
    "timings": {
        "section_1": {
            "gflopss": 0.040262744792265104,
            "oi": 0.6397738951695786,
            "timings": 0.0011133333333333323
        },
        "section_2": {
            "gflopss": 0.14949265994887886,
            "oi": 1.2716493471889154,
            "timings": 0.02668499999999997
        },
        "main": {
            "gflopss": 358.0105862262317,
            "oi": 40.46440974171434,
            "timings": 922.6813873333335
        }
    }
}