{
    "timestamp": "2017-12-22T104923",
    "meta": {},
    "timings": {
        "section_0": {
            "gflopss": 10.265827578605707,
            "oi": 0.3473417835532681,
            "timings": 0.33111133333333337
        },
        "section_2": {
            "gflopss": 0.03666352465343411,
            "oi": 0.6397738951695786,
            "timings": 0.0012239999999999983
        },
        "section_3": {
            "gflopss": 0.11101873634744674,
            "oi": 1.2716493471889154,
            "timings": 0.040274999999999984
        },
        "main": {
            "gflopss": 263.35774725709217,
            "oi": 5.078830837206929,
            "timings": 173.13508133333343
        }
    }
}