{
    "timestamp": "2017-12-21T145418",
    "meta": {},
    "timings": {
        "section_0": {
            "gflopss": 6.142182132820117,
            "oi": 0.16380958654200006,
            "timings": 0.728335
        },
        "section_3": {
            "gflopss": 0.08426195005883604,
            "oi": 0.6397738951695786,
            "timings": 0.0005336666666666705
        },
        "section_4": {
            "gflopss": 0.7922050864180664,
            "oi": 1.2716493471889154,
            "timings": 0.004870666666666683
        },
        "main": {
            "gflopss": 111.5647128178076,
            "oi": 3.5763374435911928,
            "timings": 973.6531100000002
        }
    }
}