{
    "timestamp": "2017-12-21T134721",
    "meta": {},
    "timings": {
        "section_0": {
            "gflopss": 6.158946709230089,
            "oi": 0.1647582883608637,
            "timings": 0.730557
        },
        "section_3": {
            "gflopss": 0.11325916338786433,
            "oi": 0.6397738951695786,
            "timings": 0.0004030000000000025
        },
        "section_4": {
            "gflopss": 0.8466424198834915,
            "oi": 1.2716493471889154,
            "timings": 0.004590000000000008
        },
        "main": {
            "gflopss": 116.04795328189918,
            "oi": 2.582497271699509,
            "timings": 675.8049963333328
        }
    }
}