{
    "timestamp": "2017-12-20T095942",
    "meta": {},
    "timings": {
        "section_1": {
            "gflopss": 0.009422576215135077,
            "oi": 0.9556932429272855,
            "timings": 0.003470666666666676
        },
        "section_2": {
            "gflopss": 1.0340550457994688,
            "oi": 2.0872340425531917,
            "timings": 0.01988399999999998
        },
        "main": {
            "gflopss": 183.8964716396121,
            "oi": 3.009948002571433,
            "timings": 39.029692000000004
        }
    }
}