{
    "timestamp": "2017-12-20T095130",
    "meta": {},
    "timings": {
        "section_1": {
            "gflopss": 0.008856930698817577,
            "oi": 0.9556932429272855,
            "timings": 0.0036933333333333414
        },
        "section_2": {
            "gflopss": 1.030095531480737,
            "oi": 2.0872340425531917,
            "timings": 0.019978333333333338
        },
        "main": {
            "gflopss": 137.1808659172554,
            "oi": 2.2015613306619475,
            "timings": 38.268492333333334
        }
    }
}