{
    "timestamp": "2017-12-20T101612",
    "meta": {},
    "timings": {
        "section_1": {
            "gflopss": 0.008705590404262739,
            "oi": 0.9556932429272855,
            "timings": 0.0037563333333333407
        },
        "section_2": {
            "gflopss": 1.055942171705299,
            "oi": 2.0872340425531917,
            "timings": 0.019457666666666658
        },
        "main": {
            "gflopss": 268.0228395347235,
            "oi": 4.548794700985863,
            "timings": 40.46915099999999
        }
    }
}