{
    "timestamp": "2017-12-20T100756",
    "meta": {},
    "timings": {
        "section_1": {
            "gflopss": 0.008855795850944979,
            "oi": 0.9556932429272855,
            "timings": 0.0036953333333333404
        },
        "section_2": {
            "gflopss": 1.0551807706693535,
            "oi": 2.0872340425531917,
            "timings": 0.01947166666666666
        },
        "main": {
            "gflopss": 223.4579097036495,
            "oi": 3.792220420025765,
            "timings": 40.46677133333333
        }
    }
}