{
    "timestamp": "2017-12-21T195351",
    "meta": {},
    "timings": {
        "section_0": {
            "gflopss": 5.817628090914924,
            "oi": 0.16109092867563787,
            "timings": 0.100063
        },
        "section_3": {
            "gflopss": 0.13503024514485776,
            "oi": 0.6397738951695786,
            "timings": 0.0003323333333333347
        },
        "section_4": {
            "gflopss": 0.9461274862843921,
            "oi": 1.2716493471889154,
            "timings": 0.004089666666666685
        },
        "main": {
            "gflopss": 80.79278166556882,
            "oi": 3.516982932484531,
            "timings": 174.9244626666667
        }
    }
}