{
    "timestamp": "2017-12-21T183847",
    "meta": {},
    "timings": {
        "section_0": {
            "gflopss": 11.547999205787121,
            "oi": 0.34216447331228744,
            "timings": 0.08923833333333335
        },
        "section_2": {
            "gflopss": 0.17533548804137059,
            "oi": 0.6397738951695786,
            "timings": 0.00025566666666666636
        },
        "section_3": {
            "gflopss": 1.2147400592480204,
            "oi": 1.2716493471889154,
            "timings": 0.0031753333333333516
        },
        "main": {
            "gflopss": 308.18607750966197,
            "oi": 13.897263825723243,
            "timings": 124.57810099999999
        }
    }
}