{
    "timestamp": "2017-12-21T195351",
    "meta": {},
    "timings": {
        "section_1": {
            "gflopss": 0.11754273011302574,
            "oi": 0.6397738951695786,
            "timings": 0.0003813333333333356
        },
        "section_2": {
            "gflopss": 1.1392841956751092,
            "oi": 1.2716493471889154,
            "timings": 0.0033850000000000178
        },
        "main": {
            "gflopss": 228.624676023034,
            "oi": 39.56779349131174,
            "timings": 434.66034733333345
        }
    }
}