{
    "timestamp": "2017-12-21T222257",
    "meta": {},
    "timings": {
        "section_0": {
            "gflopss": 11.632551112812687,
            "oi": 0.33444677185643173,
            "timings": 0.08659066666666666
        },
        "section_2": {
            "gflopss": 0.14110069029447972,
            "oi": 0.6397738951695786,
            "timings": 0.00031800000000000106
        },
        "section_3": {
            "gflopss": 0.9556662768447063,
            "oi": 1.2716493471889154,
            "timings": 0.004036333333333353
        },
        "main": {
            "gflopss": 329.07515209236954,
            "oi": 43.77379923872147,
            "timings": 367.4889620000001
        }
    }
}