{
    "timestamp": "2017-12-21T195351",
    "meta": {},
    "timings": {
        "section_0": {
            "gflopss": 11.578299862213646,
            "oi": 0.33829095021883954,
            "timings": 0.08798666666666666
        },
        "section_2": {
            "gflopss": 0.1402422978177145,
            "oi": 0.6397738951695786,
            "timings": 0.00032000000000000116
        },
        "section_3": {
            "gflopss": 1.184874890774082,
            "oi": 1.2716493471889154,
            "timings": 0.003255000000000016
        },
        "main": {
            "gflopss": 309.0708721602209,
            "oi": 26.909394602002436,
            "timings": 240.5320229999999
        }
    }
}