{
    "timestamp": "2017-12-19T181639",
    "meta": {},
    "timings": {
        "section_1": {
            "gflopss": 0.038109248439688805,
            "oi": 0.9556932429272855,
            "timings": 0.0008590000000000011
        },
        "section_2": {
            "gflopss": 0.18016600125446605,
            "oi": 2.0872340425531917,
            "timings": 0.16916000000000006
        },
        "main": {
            "gflopss": 106.3009996894279,
            "oi": 4.625986091905757,
            "timings": 260.666095
        }
    }
}