{
    "timestamp": "2017-12-19T173234",
    "meta": {},
    "timings": {
        "section_1": {
            "gflopss": 0.03252665737772683,
            "oi": 0.9556932429272855,
            "timings": 0.001006666666666663
        },
        "section_2": {
            "gflopss": 0.07046860669290739,
            "oi": 2.0872340425531917,
            "timings": 0.41012200000000026
        },
        "main": {
            "gflopss": 81.42789336831197,
            "oi": 3.8401610815822664,
            "timings": 282.6686686666667
        }
    }
}