{
    "timestamp": "2017-12-19T161152",
    "meta": {},
    "timings": {
        "section_1": {
            "gflopss": 0.03284015156527247,
            "oi": 0.9556932429272855,
            "timings": 0.0009976666666666636
        },
        "section_2": {
            "gflopss": 0.12922868140724775,
            "oi": 2.0872340425531917,
            "timings": 0.22081933333333337
        },
        "main": {
            "gflopss": 101.18989127613413,
            "oi": 2.210715695954507,
            "timings": 130.89542566666665
        }
    }
}