{
    "timestamp": "2017-12-20T111920",
    "meta": {},
    "timings": {
        "section_1": {
            "gflopss": 0.008775030627134273,
            "oi": 0.9556932429272855,
            "timings": 0.0037266666666666746
        },
        "section_2": {
            "gflopss": 1.0117844673296401,
            "oi": 2.0872340425531917,
            "timings": 0.027272333333333332
        },
        "main": {
            "gflopss": 260.8178233549556,
            "oi": 4.621768636906401,
            "timings": 100.15908266666672
        }
    }
}