{
    "timestamp": "2017-12-20T103208",
    "meta": {},
    "timings": {
        "section_1": {
            "gflopss": 0.008738678249527565,
            "oi": 0.9556932429272855,
            "timings": 0.0037510000000000056
        },
        "section_2": {
            "gflopss": 1.0324773406108942,
            "oi": 2.0872340425531917,
            "timings": 0.026758000000000018
        },
        "main": {
            "gflopss": 129.26960888195492,
            "oi": 2.21021752521441,
            "timings": 96.63955300000005
        }
    }
}