{
    "timestamp": "2017-12-20T104731",
    "meta": {},
    "timings": {
        "section_1": {
            "gflopss": 0.008776376920556772,
            "oi": 0.9556932429272855,
            "timings": 0.0037290000000000053
        },
        "section_2": {
            "gflopss": 1.0050802280854316,
            "oi": 2.0872340425531917,
            "timings": 0.02744033333333334
        },
        "main": {
            "gflopss": 179.9031090833869,
            "oi": 3.0337733383599024,
            "timings": 95.3179
        }
    }
}