{
    "timestamp": "2017-12-20T110331",
    "meta": {},
    "timings": {
        "section_1": {
            "gflopss": 0.009011581949664282,
            "oi": 0.9556932429272855,
            "timings": 0.003628666666666678
        },
        "section_2": {
            "gflopss": 1.0340765093517839,
            "oi": 2.0872340425531917,
            "timings": 0.0266836666666667
        },
        "main": {
            "gflopss": 215.99610939313516,
            "oi": 3.837545286920657,
            "timings": 100.42269666666671
        }
    }
}