{
    "timestamp": "2017-12-19T164724",
    "meta": {},
    "timings": {
        "section_1": {
            "gflopss": 0.03590832730122823,
            "oi": 0.9556932429272855,
            "timings": 0.0009110000000000004
        },
        "section_2": {
            "gflopss": 0.18436584718708884,
            "oi": 2.0872340425531917,
            "timings": 0.15367633333333328
        },
        "main": {
            "gflopss": 97.62280599879944,
            "oi": 3.035146417817541,
            "timings": 186.23167999999998
        }
    }
}