{
    "timestamp": "2017-12-23T172027",
    "meta": {},
    "timings": {
        "section_0": {
            "gflopss": 10.388937865200345,
            "oi": 0.3459924055578137,
            "timings": 0.757927
        },
        "section_2": {
            "gflopss": 0.03670937386453218,
            "oi": 0.6397738951695786,
            "timings": 0.0012229999999999951
        },
        "section_3": {
            "gflopss": 0.04765068704535085,
            "oi": 1.2716493471889154,
            "timings": 0.0888483333333334
        },
        "main": {
            "gflopss": 382.1541230341065,
            "oi": 14.211767972845458,
            "timings": 776.4257183333333
        }
    }
}