{
    "timestamp": "2017-12-23T110312",
    "meta": {},
    "timings": {
        "section_0": {
            "gflopss": 4.781880771815854,
            "oi": 0.16571064605890692,
            "timings": 0.9463796666666666
        },
        "section_3": {
            "gflopss": 0.032868004831772886,
            "oi": 0.6397738951695786,
            "timings": 0.0013639999999999963
        },
        "section_4": {
            "gflopss": 0.08915905465169933,
            "oi": 1.2716493471889154,
            "timings": 0.04676933333333344
        },
        "main": {
            "gflopss": 49.98933173990724,
            "oi": 1.5770080143150924,
            "timings": 958.0198179999996
        }
    }
}