{
    "timestamp": "2017-12-25T080449",
    "meta": {},
    "timings": {
        "section_0": {
            "gflopss": 4.741795343746923,
            "oi": 0.16286453357177916,
            "timings": 0.9379863333333334
        },
        "section_3": {
            "gflopss": 0.03259336601607873,
            "oi": 0.6397738951695786,
            "timings": 0.0013756666666666613
        },
        "section_4": {
            "gflopss": 0.05888758335912003,
            "oi": 1.2716493471889154,
            "timings": 0.06888766666666664
        },
        "main": {
            "gflopss": 92.5018269696569,
            "oi": 4.558595869983477,
            "timings": 1496.5753453333327
        }
    }
}