{
    "timestamp": "2017-12-23T172027",
    "meta": {},
    "timings": {
        "section_1": {
            "gflopss": 0.03596119036839739,
            "oi": 0.6397738951695786,
            "timings": 0.001246999999999994
        },
        "section_2": {
            "gflopss": 0.0853926257595471,
            "oi": 1.2716493471889154,
            "timings": 0.04583866666666667
        },
        "main": {
            "gflopss": 374.8405537960179,
            "oi": 20.83582218973781,
            "timings": 1055.02281
        }
    }
}