{
    "timestamp": "2017-12-23T110312",
    "meta": {},
    "timings": {
        "section_1": {
            "gflopss": 0.03712299377049585,
            "oi": 0.6397738951695786,
            "timings": 0.0012103333333333295
        },
        "section_2": {
            "gflopss": 0.16205230599096457,
            "oi": 1.2716493471889154,
            "timings": 0.023797999999999982
        },
        "main": {
            "gflopss": 313.64106650461196,
            "oi": 7.353968421315745,
            "timings": 445.0271923333333
        }
    }
}