{
    "timestamp": "2017-12-24T053145",
    "meta": {},
    "timings": {
        "section_1": {
            "gflopss": 0.035212035676961205,
            "oi": 0.6397738951695786,
            "timings": 0.001273666666666661
        },
        "section_2": {
            "gflopss": 0.14317008128380113,
            "oi": 1.2716493471889154,
            "timings": 0.02719233333333332
        },
        "main": {
            "gflopss": 358.0422544587179,
            "oi": 40.92647064666343,
            "timings": 2169.6681273333324
        }
    }
}