{
    "timestamp": "2017-12-25T080449",
    "meta": {},
    "timings": {
        "section_0": {
            "gflopss": 10.242117933366206,
            "oi": 0.3420155205007362,
            "timings": 0.7599556666666666
        },
        "section_2": {
            "gflopss": 0.0326860853709508,
            "oi": 0.6397738951695786,
            "timings": 0.0013716666666666617
        },
        "section_3": {
            "gflopss": 0.14798168018852056,
            "oi": 1.2716493471889154,
            "timings": 0.026110666666666688
        },
        "main": {
            "gflopss": 268.4200140068752,
            "oi": 45.80130809762971,
            "timings": 3562.4864119999984
        }
    }
}