{
    "timestamp": "2017-12-23T110312",
    "meta": {},
    "timings": {
        "section_0": {
            "gflopss": 10.409387257725504,
            "oi": 0.3479923567237046,
            "timings": 0.7608130000000001
        },
        "section_2": {
            "gflopss": 0.03372112223297926,
            "oi": 0.6397738951695786,
            "timings": 0.0013339999999999951
        },
        "section_3": {
            "gflopss": 0.10585255771101264,
            "oi": 1.2716493471889154,
            "timings": 0.040852333333333324
        },
        "main": {
            "gflopss": 209.42894271383,
            "oi": 5.097916692186044,
            "timings": 508.21361866666666
        }
    }
}