{
    "timestamp": "2017-12-22T121554",
    "meta": {},
    "timings": {
        "section_0": {
            "gflopss": 13.84606586202031,
            "oi": 0.3459924055578137,
            "timings": 0.5686853333333334
        },
        "section_2": {
            "gflopss": 0.12156403441216827,
            "oi": 0.6397738951695786,
            "timings": 0.0003696666666666686
        },
        "section_3": {
            "gflopss": 0.8745027221299658,
            "oi": 1.2716493471889154,
            "timings": 0.004449333333333348
        },
        "main": {
            "gflopss": 447.67288182849757,
            "oi": 14.211767972845458,
            "timings": 662.7927026666663
        }
    }
}