{
    "timestamp": "2017-12-22T081623",
    "meta": {},
    "timings": {
        "section_0": {
            "gflopss": 6.166732639186965,
            "oi": 0.16571064605890692,
            "timings": 0.7338513333333333
        },
        "section_3": {
            "gflopss": 0.08862486670604686,
            "oi": 0.6397738951695786,
            "timings": 0.0005070000000000038
        },
        "section_4": {
            "gflopss": 0.8661144860428096,
            "oi": 1.2716493471889154,
            "timings": 0.004454000000000023
        },
        "main": {
            "gflopss": 101.8183583411582,
            "oi": 1.5770080143150924,
            "timings": 470.3545513333334
        }
    }
}