{
    "timestamp": "2017-12-22T121554",
    "meta": {},
    "timings": {
        "section_1": {
            "gflopss": 0.11552120579594548,
            "oi": 0.6397738951695786,
            "timings": 0.0003910000000000022
        },
        "section_2": {
            "gflopss": 0.8134438388538973,
            "oi": 1.2716493471889154,
            "timings": 0.004750333333333359
        },
        "main": {
            "gflopss": 279.00336675267386,
            "oi": 20.83582218973781,
            "timings": 1417.513553
        }
    }
}