{
    "timestamp": "2017-12-23T052751",
    "meta": {},
    "timings": {
        "section_1": {
            "gflopss": 0.07816594296972228,
            "oi": 0.6397738951695786,
            "timings": 0.0005750000000000027
        },
        "section_2": {
            "gflopss": 0.461800666044041,
            "oi": 1.2716493471889154,
            "timings": 0.008385666666666685
        },
        "main": {
            "gflopss": 355.9487014817268,
            "oi": 67.38903450272184,
            "timings": 3593.3522923333344
        }
    }
}