{
    "timestamp": "2017-12-22T190304",
    "meta": {},
    "timings": {
        "section_0": {
            "gflopss": 6.135825413796854,
            "oi": 0.16380958654200006,
            "timings": 0.7290866666666665
        },
        "section_3": {
            "gflopss": 0.07629397336081992,
            "oi": 0.6397738951695786,
            "timings": 0.0005876666666666709
        },
        "section_4": {
            "gflopss": 0.8002389238976392,
            "oi": 1.2716493471889154,
            "timings": 0.004821000000000035
        },
        "main": {
            "gflopss": 112.26087196697337,
            "oi": 3.5763374435911928,
            "timings": 967.4479649999997
        }
    }
}