{
    "timestamp": "2017-12-22T190304",
    "meta": {},
    "timings": {
        "section_1": {
            "gflopss": 0.09395083104201073,
            "oi": 0.6397738951695786,
            "timings": 0.0004796666666666699
        },
        "section_2": {
            "gflopss": 0.6710554606392213,
            "oi": 1.2716493471889154,
            "timings": 0.005765666666666684
        },
        "main": {
            "gflopss": 328.1099551009338,
            "oi": 40.92647064666343,
            "timings": 2367.558159
        }
    }
}