{
    "timestamp": "2017-12-22T121554",
    "meta": {},
    "timings": {
        "section_0": {
            "gflopss": 6.160024101251154,
            "oi": 0.1647582883608637,
            "timings": 0.7304283333333333
        },
        "section_3": {
            "gflopss": 0.11957110919453236,
            "oi": 0.6397738951695786,
            "timings": 0.000376000000000002
        },
        "section_4": {
            "gflopss": 0.804337765722977,
            "oi": 1.2716493471889154,
            "timings": 0.004795333333333346
        },
        "main": {
            "gflopss": 115.44069485009634,
            "oi": 2.582497271699509,
            "timings": 679.3587039999999
        }
    }
}