{
    "timestamp": "2017-12-23T052751",
    "meta": {},
    "timings": {
        "section_0": {
            "gflopss": 13.727147073719962,
            "oi": 0.3420155205007362,
            "timings": 0.5670209999999999
        },
        "section_2": {
            "gflopss": 0.08909359524510518,
            "oi": 0.6397738951695786,
            "timings": 0.0005053333333333367
        },
        "section_3": {
            "gflopss": 0.659870539445386,
            "oi": 1.2716493471889154,
            "timings": 0.005873333333333358
        },
        "main": {
            "gflopss": 492.17132612125516,
            "oi": 45.80130809762971,
            "timings": 1942.9096349999993
        }
    }
}