{
    "timestamp": "2017-12-19T142144",
    "meta": {},
    "timings": {
        "section_1": {
            "gflopss": 0.2312554168638277,
            "oi": 0.9556932429272855,
            "timings": 0.00014333333333333307
        },
        "section_2": {
            "gflopss": 4.929705109442733,
            "oi": 2.0872340425531917,
            "timings": 0.002853000000000007
        },
        "main": {
            "gflopss": 181.42024048326718,
            "oi": 3.71267539684141,
            "timings": 16.220052666666664
        }
    }
}