{
    "timestamp": "2017-12-19T141926",
    "meta": {},
    "timings": {
        "section_1": {
            "gflopss": 0.19650609006234468,
            "oi": 0.9556932429272855,
            "timings": 0.00016799999999999967
        },
        "section_2": {
            "gflopss": 4.492647296844923,
            "oi": 2.0872340425531917,
            "timings": 0.00317333333333334
        },
        "main": {
            "gflopss": 158.83353159848522,
            "oi": 2.9679791141188985,
            "timings": 14.810585666666668
        }
    }
}