{
    "timestamp": "2017-12-19T142415",
    "meta": {},
    "timings": {
        "section_1": {
            "gflopss": 0.21449306056236528,
            "oi": 0.9556932429272855,
            "timings": 0.00015266666666666635
        },
        "section_2": {
            "gflopss": 5.676528812634075,
            "oi": 2.0872340425531917,
            "timings": 0.0024776666666666745
        },
        "main": {
            "gflopss": 187.04470022198169,
            "oi": 4.421205307860626,
            "timings": 18.736811666666664
        }
    }
}