{
    "timestamp": "2017-12-19T143202",
    "meta": {},
    "timings": {
        "section_1": {
            "gflopss": 0.035410303659275194,
            "oi": 0.9556932429272855,
            "timings": 0.0009253333333333327
        },
        "section_2": {
            "gflopss": 0.399957349950048,
            "oi": 2.0872340425531917,
            "timings": 0.06537933333333316
        },
        "main": {
            "gflopss": 248.8909274987549,
            "oi": 3.71267539684141,
            "timings": 11.879903999999991
        }
    }
}