{
    "timestamp": "2017-12-19T143610",
    "meta": {},
    "timings": {
        "section_1": {
            "gflopss": 0.1921116902508175,
            "oi": 0.9556932429272855,
            "timings": 0.00017099999999999963
        },
        "section_2": {
            "gflopss": 8.02076193899712,
            "oi": 2.0872340425531917,
            "timings": 0.0026303333333333404
        },
        "main": {
            "gflopss": 156.99290043445396,
            "oi": 3.012361108818887,
            "timings": 49.42215533333333
        }
    }
}