{
    "timestamp": "2017-12-19T144318",
    "meta": {},
    "timings": {
        "section_1": {
            "gflopss": 0.18265991568516707,
            "oi": 0.9556932429272855,
            "timings": 0.00017933333333333297
        },
        "section_2": {
            "gflopss": 8.332871818024783,
            "oi": 2.0872340425531917,
            "timings": 0.0025316666666666742
        },
        "main": {
            "gflopss": 165.76759473610994,
            "oi": 3.796805564322417,
            "timings": 58.994870333333324
        }
    }
}