{
    "timestamp": "2017-12-19T145155",
    "meta": {},
    "timings": {
        "section_1": {
            "gflopss": 0.18090266990933893,
            "oi": 0.9556932429272855,
            "timings": 0.00018199999999999965
        },
        "section_2": {
            "gflopss": 7.785538657127877,
            "oi": 2.0872340425531917,
            "timings": 0.0027100000000000054
        },
        "main": {
            "gflopss": 140.09997820218328,
            "oi": 4.556167934965351,
            "timings": 83.77133533333335
        }
    }
}