{
    "timestamp": "2017-12-19T151852",
    "meta": {},
    "timings": {
        "section_1": {
            "gflopss": 0.15111750807303723,
            "oi": 0.9556932429272855,
            "timings": 0.0002166666666666662
        },
        "section_2": {
            "gflopss": 2.301625014063483,
            "oi": 2.0872340425531917,
            "timings": 0.012220666666666666
        },
        "main": {
            "gflopss": 160.0471023316188,
            "oi": 3.035146417817541,
            "timings": 113.59240233333328
        }
    }
}