{
    "timestamp": "2017-12-19T155411",
    "meta": {},
    "timings": {
        "section_1": {
            "gflopss": 0.1238636363636364,
            "oi": 0.9556932429272855,
            "timings": 0.00026433333333333327
        },
        "section_2": {
            "gflopss": 1.8332939729179945,
            "oi": 2.0872340425531917,
            "timings": 0.015344999999999984
        },
        "main": {
            "gflopss": 171.2960187683406,
            "oi": 4.625986091905757,
            "timings": 161.76149433333345
        }
    }
}