{
    "timestamp": "2017-12-19T153538",
    "meta": {},
    "timings": {
        "section_1": {
            "gflopss": 0.1382106952819738,
            "oi": 0.9556932429272855,
            "timings": 0.0002369999999999995
        },
        "section_2": {
            "gflopss": 2.0524638736350993,
            "oi": 2.0872340425531917,
            "timings": 0.01370499999999999
        },
        "main": {
            "gflopss": 168.01219297671324,
            "oi": 3.8401610815822664,
            "timings": 136.907379
        }
    }
}