{
    "timestamp": "2017-12-22T060010",
    "meta": {},
    "timings": {
        "section_0": {
            "gflopss": 6.095570750743849,
            "oi": 0.16164188457515416,
            "timings": 0.31140799999999996
        },
        "section_3": {
            "gflopss": 0.1413329502543817,
            "oi": 0.6397738951695786,
            "timings": 0.0003193333333333343
        },
        "section_4": {
            "gflopss": 0.9560091998820255,
            "oi": 1.2716493471889154,
            "timings": 0.004046000000000008
        },
        "main": {
            "gflopss": 117.66058153857995,
            "oi": 4.5243737926274035,
            "timings": 502.13696166666637
        }
    }
}