{
    "timestamp": "2017-12-21T210853",
    "meta": {},
    "timings": {
        "section_0": {
            "gflopss": 6.1517366375713385,
            "oi": 0.16540084931108004,
            "timings": 0.31574033333333335
        },
        "section_3": {
            "gflopss": 0.12152925234079004,
            "oi": 0.6397738951695786,
            "timings": 0.0003700000000000021
        },
        "section_4": {
            "gflopss": 1.1365876545529663,
            "oi": 1.2716493471889154,
            "timings": 0.0033940000000000207
        },
        "main": {
            "gflopss": 101.1888826337875,
            "oi": 1.5740597912180796,
            "timings": 203.13825099999994
        }
    }
}