{
    "timestamp": "2017-12-21T224607",
    "meta": {},
    "timings": {
        "section_0": {
            "gflopss": 13.590505384500792,
            "oi": 0.3446970605619895,
            "timings": 0.24820566666666666
        },
        "section_2": {
            "gflopss": 0.1354659810126577,
            "oi": 0.6397738951695786,
            "timings": 0.00033200000000000135
        },
        "section_3": {
            "gflopss": 1.0493176019496018,
            "oi": 1.2716493471889154,
            "timings": 0.0036753333333333408
        },
        "main": {
            "gflopss": 444.8567195029691,
            "oi": 14.105078054106281,
            "timings": 284.658169
        }
    }
}