{
    "timestamp": "2017-12-22T060010",
    "meta": {},
    "timings": {
        "section_1": {
            "gflopss": 0.11155960817616252,
            "oi": 0.6397738951695786,
            "timings": 0.0004026666666666686
        },
        "section_2": {
            "gflopss": 0.8282683539645408,
            "oi": 1.2716493471889154,
            "timings": 0.004655999999999993
        },
        "main": {
            "gflopss": 354.65125139465954,
            "oi": 66.3719587715159,
            "timings": 1527.4220813333334
        }
    }
}