{
    "timestamp": "2017-12-21T193219",
    "meta": {},
    "timings": {
        "section_0": {
            "gflopss": 4.710140436098301,
            "oi": 0.16380958654200006,
            "timings": 0.9498946666666667
        },
        "section_3": {
            "gflopss": 0.031498468655471214,
            "oi": 0.6397738951695786,
            "timings": 0.0014316666666666653
        },
        "section_4": {
            "gflopss": 0.039969174782362976,
            "oi": 1.2716493471889154,
            "timings": 0.1001143333333333
        },
        "main": {
            "gflopss": 61.93793560937589,
            "oi": 3.5763374435911928,
            "timings": 1753.6679799999995
        }
    }
}