{
    "timestamp": "2017-12-21T171619",
    "meta": {},
    "timings": {
        "section_0": {
            "gflopss": 4.735471414504946,
            "oi": 0.1647582883608637,
            "timings": 0.9502700000000001
        },
        "section_3": {
            "gflopss": 0.03098625338322519,
            "oi": 0.6397738951695786,
            "timings": 0.00144733333333333
        },
        "section_4": {
            "gflopss": 0.04501936848344029,
            "oi": 1.2716493471889154,
            "timings": 0.09485033333333348
        },
        "main": {
            "gflopss": 59.35933598462728,
            "oi": 2.582497271699509,
            "timings": 1321.2938386666676
        }
    }
}