{
    "timestamp": "2017-12-21T160028",
    "meta": {},
    "timings": {
        "section_0": {
            "gflopss": 5.940949819731801,
            "oi": 0.16380958654200006,
            "timings": 0.7530026666666667
        },
        "section_3": {
            "gflopss": 0.1133250162447506,
            "oi": 0.6397738951695786,
            "timings": 0.00039566666666666857
        },
        "section_4": {
            "gflopss": 0.8482103869151638,
            "oi": 1.2716493471889154,
            "timings": 0.004561333333333334
        },
        "main": {
            "gflopss": 83.47285429809982,
            "oi": 3.5763374435911928,
            "timings": 1301.103136
        }
    }
}