{
    "timestamp": "2017-12-21T133257",
    "meta": {},
    "timings": {
        "section_0": {
            "gflopss": 5.969989230231985,
            "oi": 0.16571064605890692,
            "timings": 0.7580373333333333
        },
        "section_3": {
            "gflopss": 0.07864749142485226,
            "oi": 0.6397738951695786,
            "timings": 0.0005740000000000042
        },
        "section_4": {
            "gflopss": 1.0213809679152586,
            "oi": 1.2716493471889154,
            "timings": 0.0037840000000000204
        },
        "main": {
            "gflopss": 86.82169828424192,
            "oi": 1.5770080143150924,
            "timings": 551.5987656666667
        }
    }
}