{
    "timestamp": "2017-12-21T173633",
    "meta": {},
    "timings": {
        "section_0": {
            "gflopss": 5.943311203346017,
            "oi": 0.16286453357177916,
            "timings": 0.7483619999999999
        },
        "section_3": {
            "gflopss": 0.11097656484121325,
            "oi": 0.6397738951695786,
            "timings": 0.00040466666666666884
        },
        "section_4": {
            "gflopss": 0.8408244002969599,
            "oi": 1.2716493471889154,
            "timings": 0.004586666666666682
        },
        "main": {
            "gflopss": 95.18323605924793,
            "oi": 4.558595869983477,
            "timings": 1454.414635666667
        }
    }
}