{
    "timestamp": "2017-12-21T143400",
    "meta": {},
    "timings": {
        "section_0": {
            "gflopss": 5.953253869307663,
            "oi": 0.1647582883608637,
            "timings": 0.755799
        },
        "section_3": {
            "gflopss": 0.10757510346253822,
            "oi": 0.6397738951695786,
            "timings": 0.00041866666666666934
        },
        "section_4": {
            "gflopss": 0.9309636190235678,
            "oi": 1.2716493471889154,
            "timings": 0.004171333333333347
        },
        "main": {
            "gflopss": 90.01279593524607,
            "oi": 2.582497271699509,
            "timings": 871.3044713333338
        }
    }
}