{
    "timestamp": "2017-12-21T222257",
    "meta": {},
    "timings": {
        "section_1": {
            "gflopss": 0.13447297556441482,
            "oi": 0.6397738951695786,
            "timings": 0.0003350000000000013
        },
        "section_2": {
            "gflopss": 1.0430263955061838,
            "oi": 1.2716493471889154,
            "timings": 0.003708666666666681
        },
        "main": {
            "gflopss": 242.07021333515013,
            "oi": 64.40589122313914,
            "timings": 668.2142916666666
        }
    }
}