{
    "timestamp": "2017-12-21T183847",
    "meta": {},
    "timings": {
        "section_1": {
            "gflopss": 0.1649443059762381,
            "oi": 0.6397738951695786,
            "timings": 0.0002723333333333334
        },
        "section_2": {
            "gflopss": 1.2145663705220207,
            "oi": 1.2716493471889154,
            "timings": 0.003175000000000015
        },
        "main": {
            "gflopss": 196.88579787444453,
            "oi": 20.374728784617886,
            "timings": 259.90133966666684
        }
    }
}