{
    "timestamp": "2017-12-21T175735",
    "meta": {},
    "timings": {
        "section_0": {
            "gflopss": 11.505445390376046,
            "oi": 0.34606745271369954,
            "timings": 0.090578
        },
        "section_2": {
            "gflopss": 0.1989038755197774,
            "oi": 0.6397738951695786,
            "timings": 0.0002259999999999995
        },
        "section_3": {
            "gflopss": 1.3303720883636732,
            "oi": 1.2716493471889154,
            "timings": 0.0028990000000000044
        },
        "main": {
            "gflopss": 221.22423120796998,
            "oi": 5.041515223894957,
            "timings": 62.95821633333335
        }
    }
}