{
    "timestamp": "2017-12-21T175735",
    "meta": {},
    "timings": {
        "section_1": {
            "gflopss": 0.17474641822594558,
            "oi": 0.6397738951695786,
            "timings": 0.0002569999999999997
        },
        "section_2": {
            "gflopss": 1.2198068250668122,
            "oi": 1.2716493471889154,
            "timings": 0.0031626666666666834
        },
        "main": {
            "gflopss": 173.02543403900302,
            "oi": 7.272606829557244,
            "timings": 105.57381100000005
        }
    }
}