{
    "timestamp": "2017-12-21T183847",
    "meta": {},
    "timings": {
        "section_0": {
            "gflopss": 5.883884513347019,
            "oi": 0.16293546348204163,
            "timings": 0.100069
        },
        "section_3": {
            "gflopss": 0.1692340217667152,
            "oi": 0.6397738951695786,
            "timings": 0.0002656666666666666
        },
        "section_4": {
            "gflopss": 1.1070380295313098,
            "oi": 1.2716493471889154,
            "timings": 0.0034996666666666856
        },
        "main": {
            "gflopss": 85.57201710410028,
            "oi": 2.5539254752625773,
            "timings": 119.92994799999992
        }
    }
}