{
    "timestamp": "2017-12-21T222257",
    "meta": {},
    "timings": {
        "section_0": {
            "gflopss": 5.812300503830843,
            "oi": 0.1592603675506818,
            "timings": 0.09901700000000001
        },
        "section_3": {
            "gflopss": 0.15181364641942593,
            "oi": 0.6397738951695786,
            "timings": 0.00029600000000000064
        },
        "section_4": {
            "gflopss": 0.9766155146879152,
            "oi": 1.2716493471889154,
            "timings": 0.003948666666666688
        },
        "main": {
            "gflopss": 90.98967895095159,
            "oi": 4.457714874114182,
            "timings": 196.86647433333334
        }
    }
}