{
    "timestamp": "2017-12-21T175735",
    "meta": {},
    "timings": {
        "section_0": {
            "gflopss": 5.94977881017486,
            "oi": 0.1647940251017617,
            "timings": 0.10008933333333335
        },
        "section_3": {
            "gflopss": 0.1649174045551309,
            "oi": 0.6397738951695786,
            "timings": 0.0002720000000000001
        },
        "section_4": {
            "gflopss": 1.222739397345902,
            "oi": 1.2716493471889154,
            "timings": 0.0031540000000000166
        },
        "main": {
            "gflopss": 83.25886658077052,
            "oi": 1.5682848656829076,
            "timings": 75.69125866666666
        }
    }
}