{
    "timestamp": "2017-12-20T093838",
    "meta": {},
    "timings": {
        "section_1": {
            "gflopss": 0.0097205461686417,
            "oi": 0.9556932429272855,
            "timings": 0.0033666666666666723
        },
        "section_2": {
            "gflopss": 0.982369520401933,
            "oi": 2.0872340425531917,
            "timings": 0.013757000000000007
        },
        "main": {
            "gflopss": 212.11611257099582,
            "oi": 3.7026441568299266,
            "timings": 12.332939999999999
        }
    }
}