{
    "timestamp": "2017-12-20T092858",
    "meta": {},
    "timings": {
        "section_1": {
            "gflopss": 0.00951991855180387,
            "oi": 0.9556932429272855,
            "timings": 0.003436333333333342
        },
        "section_2": {
            "gflopss": 0.9892763848905654,
            "oi": 2.0872340425531917,
            "timings": 0.013661000000000012
        },
        "main": {
            "gflopss": 132.46676361105872,
            "oi": 2.18431680361913,
            "timings": 11.650591333333331
        }
    }
}