{
    "timestamp": "2017-12-19T144257",
    "meta": {},
    "timings": {
        "section_1": {
            "gflopss": 0.15483654004415917,
            "oi": 0.9556932429272855,
            "timings": 0.00021233333333333285
        },
        "section_2": {
            "gflopss": 6.911427459632523,
            "oi": 2.0872340425531917,
            "timings": 0.0033300000000000135
        },
        "main": {
            "gflopss": 181.89155850971065,
            "oi": 3.796805564322417,
            "timings": 53.76509133333332
        }
    }
}