{
    "timestamp": "2017-12-19T143625",
    "meta": {},
    "timings": {
        "section_1": {
            "gflopss": 0.19476933073424343,
            "oi": 0.9556932429272855,
            "timings": 0.00016799999999999964
        },
        "section_2": {
            "gflopss": 8.050502494076666,
            "oi": 2.0872340425531917,
            "timings": 0.0026206666666666743
        },
        "main": {
            "gflopss": 163.0271791954266,
            "oi": 3.012361108818887,
            "timings": 47.592836999999975
        }
    }
}