{
    "timestamp": "2017-12-19T143029",
    "meta": {},
    "timings": {
        "section_1": {
            "gflopss": 0.1725000343123018,
            "oi": 0.9556932429272855,
            "timings": 0.0001929999999999996
        },
        "section_2": {
            "gflopss": 7.20902323035001,
            "oi": 2.0872340425531917,
            "timings": 0.002928666666666678
        },
        "main": {
            "gflopss": 134.69842860176092,
            "oi": 2.202439099509195,
            "timings": 42.11497233333335
        }
    }
}