{
    "timestamp": "2017-12-19T150559",
    "meta": {},
    "timings": {
        "section_1": {
            "gflopss": 0.12389202754726229,
            "oi": 0.9556932429272855,
            "timings": 0.0002643333333333332
        },
        "section_2": {
            "gflopss": 2.9106649531172573,
            "oi": 2.0872340425531917,
            "timings": 0.009663999999999992
        },
        "main": {
            "gflopss": 127.33256807105226,
            "oi": 2.210715695954507,
            "timings": 103.9945976666667
        }
    }
}