{
    "timestamp": "2017-12-20T094325",
    "meta": {},
    "timings": {
        "section_1": {
            "gflopss": 0.009944913403504835,
            "oi": 0.9556932429272855,
            "timings": 0.003291333333333335
        },
        "section_2": {
            "gflopss": 0.9809911933994511,
            "oi": 2.0872340425531917,
            "timings": 0.013776666666666671
        },
        "main": {
            "gflopss": 253.12024427899732,
            "oi": 4.405159332831942,
            "timings": 12.296089666666667
        }
    }
}