{
    "timestamp": "2017-12-20T093346",
    "meta": {},
    "timings": {
        "section_1": {
            "gflopss": 0.00970323748071107,
            "oi": 0.9556932429272855,
            "timings": 0.0033703333333333393
        },
        "section_2": {
            "gflopss": 0.9676167737655913,
            "oi": 2.0872340425531917,
            "timings": 0.01397600000000001
        },
        "main": {
            "gflopss": 176.4187473448895,
            "oi": 2.9626722031451287,
            "timings": 11.865350999999997
        }
    }
}