{
    "timestamp": "2017-12-21T161312",
    "meta": {},
    "timings": {
        "section_0": {
            "gflopss": 6.113449373142995,
            "oi": 0.16286453357177916,
            "timings": 0.7275346666666667
        },
        "section_3": {
            "gflopss": 0.10369984408395073,
            "oi": 0.6397738951695786,
            "timings": 0.00043266666666666925
        },
        "section_4": {
            "gflopss": 0.8766737347345562,
            "oi": 1.2716493471889154,
            "timings": 0.004424333333333349
        },
        "main": {
            "gflopss": 116.92603966673937,
            "oi": 4.558595869983477,
            "timings": 1183.9623836666676
        }
    }
}