{
    "timestamp": "2017-12-21T125806",
    "meta": {},
    "timings": {
        "section_0": {
            "gflopss": 6.168602475147068,
            "oi": 0.16571064605890692,
            "timings": 0.7336296666666667
        },
        "section_3": {
            "gflopss": 0.08384081612585566,
            "oi": 0.6397738951695786,
            "timings": 0.0005380000000000041
        },
        "section_4": {
            "gflopss": 0.9854212426782171,
            "oi": 1.2716493471889154,
            "timings": 0.003955333333333346
        },
        "main": {
            "gflopss": 103.67001837970986,
            "oi": 1.5770080143150924,
            "timings": 461.95644633333336
        }
    }
}