{
    "timestamp": "2017-12-21T113216",
    "meta": {},
    "timings": {
        "section_0": {
            "gflopss": 5.942702623713619,
            "oi": 0.16414145741047123,
            "timings": 0.3243586666666667
        },
        "section_3": {
            "gflopss": 0.12312539258446586,
            "oi": 0.6397738951695786,
            "timings": 0.00036700000000000193
        },
        "section_4": {
            "gflopss": 1.0065146571275088,
            "oi": 1.2716493471889154,
            "timings": 0.003831333333333327
        },
        "main": {
            "gflopss": 88.5374388942538,
            "oi": 2.5728287793745626,
            "timings": 379.4723083333333
        }
    }
}