{
    "timestamp": "2017-12-20T121619",
    "meta": {},
    "timings": {
        "section_1": {
            "gflopss": 0.002088352502364311,
            "oi": 0.9556932429272855,
            "timings": 0.01565966666666663
        },
        "section_2": {
            "gflopss": 0.2237488161460585,
            "oi": 2.0872340425531917,
            "timings": 0.09184066666666672
        },
        "main": {
            "gflopss": 556.7705019708278,
            "oi": 2.2015613306619475,
            "timings": 9.428841333333338
        }
    }
}