{
    "timestamp": "2017-12-21T132131",
    "meta": {},
    "timings": {
        "section_0": {
            "gflopss": 4.672073601415687,
            "oi": 0.162888474615082,
            "timings": 0.4094313333333333
        },
        "section_3": {
            "gflopss": 0.034094952317678194,
            "oi": 0.6397738951695786,
            "timings": 0.001315666666666661
        },
        "section_4": {
            "gflopss": 0.052358407757718405,
            "oi": 1.2716493471889154,
            "timings": 0.08058866666666685
        },
        "main": {
            "gflopss": 70.81000388455051,
            "oi": 3.55622746624789,
            "timings": 655.8956639999998
        }
    }
}