{
    "timestamp": "2017-12-21T122402",
    "meta": {},
    "timings": {
        "section_0": {
            "gflopss": 4.541223432082277,
            "oi": 0.16414145741047123,
            "timings": 0.42564
        },
        "section_3": {
            "gflopss": 0.03307347853754497,
            "oi": 0.6397738951695786,
            "timings": 0.0013553333333333275
        },
        "section_4": {
            "gflopss": 0.07272207687132393,
            "oi": 1.2716493471889154,
            "timings": 0.05978933333333317
        },
        "main": {
            "gflopss": 67.77159931264676,
            "oi": 2.5728287793745626,
            "timings": 496.00531666666666
        }
    }
}