{
    "timestamp": "2017-12-21T105728",
    "meta": {},
    "timings": {
        "section_0": {
            "gflopss": 6.155094661334707,
            "oi": 0.16540084931108004,
            "timings": 0.3155683333333333
        },
        "section_3": {
            "gflopss": 0.11504507106731704,
            "oi": 0.6397738951695786,
            "timings": 0.00039100000000000246
        },
        "section_4": {
            "gflopss": 1.1183900243530167,
            "oi": 1.2716493471889154,
            "timings": 0.003448000000000019
        },
        "main": {
            "gflopss": 99.97855127762189,
            "oi": 1.5740597912180796,
            "timings": 205.59481100000005
        }
    }
}