{
    "timestamp": "2017-12-21T111844",
    "meta": {},
    "timings": {
        "section_0": {
            "gflopss": 6.1436164687445425,
            "oi": 0.16414145741047123,
            "timings": 0.31375099999999995
        },
        "section_3": {
            "gflopss": 0.10854714334217815,
            "oi": 0.6397738951695786,
            "timings": 0.00041366666666666917
        },
        "section_4": {
            "gflopss": 1.0016144901307835,
            "oi": 1.2716493471889154,
            "timings": 0.0038503333333333428
        },
        "main": {
            "gflopss": 115.13826431191393,
            "oi": 2.5728287793745626,
            "timings": 291.8018216666666
        }
    }
}