{
    "timestamp": "2017-12-21T114715",
    "meta": {},
    "timings": {
        "section_0": {
            "gflopss": 6.111025615676934,
            "oi": 0.162888474615082,
            "timings": 0.313016
        },
        "section_3": {
            "gflopss": 0.1228543256762441,
            "oi": 0.6397738951695786,
            "timings": 0.0003656666666666688
        },
        "section_4": {
            "gflopss": 1.0238683352872995,
            "oi": 1.2716493471889154,
            "timings": 0.0037663333333333424
        },
        "main": {
            "gflopss": 112.36443181165832,
            "oi": 3.55622746624789,
            "timings": 413.29050500000017
        }
    }
}