{
    "timestamp": "2017-12-21T122116",
    "meta": {},
    "timings": {
        "section_0": {
            "gflopss": 6.089374598515255,
            "oi": 0.16164188457515416,
            "timings": 0.31172466666666665
        },
        "section_3": {
            "gflopss": 0.14372357464016772,
            "oi": 0.6397738951695786,
            "timings": 0.00031266666666666763
        },
        "section_4": {
            "gflopss": 0.9925283075157457,
            "oi": 1.2716493471889154,
            "timings": 0.003886000000000006
        },
        "main": {
            "gflopss": 117.51039809312624,
            "oi": 4.5243737926274035,
            "timings": 502.7790499999998
        }
    }
}