{
    "timestamp": "2017-12-19T141719",
    "meta": {},
    "timings": {
        "section_1": {
            "gflopss": 0.21612251088655662,
            "oi": 0.9556932429272855,
            "timings": 0.00015199999999999968
        },
        "section_2": {
            "gflopss": 3.796722815960454,
            "oi": 2.0872340425531917,
            "timings": 0.003707000000000007
        },
        "main": {
            "gflopss": 132.18859073892114,
            "oi": 2.186257153621498,
            "timings": 13.108658333333333
        }
    }
}