{
    "timestamp": "2017-12-21T102018",
    "meta": {},
    "timings": {
        "section_0": {
            "gflopss": 6.098303477530043,
            "oi": 0.16293546348204163,
            "timings": 0.09655033333333334
        },
        "section_3": {
            "gflopss": 0.19336568736888746,
            "oi": 0.6397738951695786,
            "timings": 0.00023199999999999949
        },
        "section_4": {
            "gflopss": 1.1726095855895553,
            "oi": 1.2716493471889154,
            "timings": 0.003289000000000018
        },
        "main": {
            "gflopss": 111.19570072258084,
            "oi": 2.5539254752625773,
            "timings": 92.30091533333332
        }
    }
}