{
    "timestamp": "2017-12-21T101316",
    "meta": {},
    "timings": {
        "section_0": {
            "gflopss": 6.140222102404685,
            "oi": 0.1647940251017617,
            "timings": 0.09698499999999999
        },
        "section_3": {
            "gflopss": 0.1728474470629562,
            "oi": 0.6397738951695786,
            "timings": 0.0002696666666666669
        },
        "section_4": {
            "gflopss": 1.208271010485589,
            "oi": 1.2716493471889154,
            "timings": 0.0031930000000000166
        },
        "main": {
            "gflopss": 99.35499408270964,
            "oi": 1.5682848656829076,
            "timings": 63.429526999999986
        }
    }
}