{
    "timestamp": "2017-12-20T094837",
    "meta": {},
    "timings": {
        "section_1": {
            "gflopss": 0.009549626939219666,
            "oi": 0.9556932429272855,
            "timings": 0.0034246666666666744
        },
        "section_2": {
            "gflopss": 1.2574798176342357,
            "oi": 2.0872340425531917,
            "timings": 0.010752333333333359
        },
        "main": {
            "gflopss": 276.52206156670445,
            "oi": 4.405159332831942,
            "timings": 11.256008000000001
        }
    }
}