{
    "timestamp": "2017-12-20T093948",
    "meta": {},
    "timings": {
        "section_1": {
            "gflopss": 0.010078888404044245,
            "oi": 0.9556932429272855,
            "timings": 0.003248999999999998
        },
        "section_2": {
            "gflopss": 1.2854012866592088,
            "oi": 2.0872340425531917,
            "timings": 0.010514333333333353
        },
        "main": {
            "gflopss": 186.11471824045725,
            "oi": 2.9626722031451287,
            "timings": 11.24682433333333
        }
    }
}