{
    "timestamp": "2017-12-20T094409",
    "meta": {},
    "timings": {
        "section_1": {
            "gflopss": 0.009685050103144919,
            "oi": 0.9556932429272855,
            "timings": 0.003379666666666672
        },
        "section_2": {
            "gflopss": 1.285998229737119,
            "oi": 2.0872340425531917,
            "timings": 0.010509000000000018
        },
        "main": {
            "gflopss": 231.10458751804063,
            "oi": 3.7026441568299266,
            "timings": 11.319656
        }
    }
}