{
    "timestamp": "2017-12-21T153426",
    "meta": {},
    "timings": {
        "section_0": {
            "gflopss": 4.784295247667468,
            "oi": 0.16571064605890692,
            "timings": 0.9459019999999999
        },
        "section_3": {
            "gflopss": 0.031567285615329226,
            "oi": 0.6397738951695786,
            "timings": 0.0014223333333333304
        },
        "section_4": {
            "gflopss": 0.048889792788754265,
            "oi": 1.2716493471889154,
            "timings": 0.08192100000000029
        },
        "main": {
            "gflopss": 51.17922674205667,
            "oi": 1.5770080143150924,
            "timings": 935.748068
        }
    }
}