{
    "timestamp": "2017-12-21T214506",
    "meta": {},
    "timings": {
        "section_0": {
            "gflopss": 4.743661101811945,
            "oi": 0.16286453357177916,
            "timings": 0.937618
        },
        "section_3": {
            "gflopss": 0.031795666912306654,
            "oi": 0.6397738951695786,
            "timings": 0.0014123333333333295
        },
        "section_4": {
            "gflopss": 0.05657156492443146,
            "oi": 1.2716493471889154,
            "timings": 0.06908366666666681
        },
        "main": {
            "gflopss": 93.4310716372488,
            "oi": 4.558595869983477,
            "timings": 1481.6902476666662
        }
    }
}