{
    "timestamp": "2017-12-21T110553",
    "meta": {},
    "timings": {
        "section_0": {
            "gflopss": 5.9628839270983,
            "oi": 0.16540084931108004,
            "timings": 0.32574033333333335
        },
        "section_3": {
            "gflopss": 0.10621332097293205,
            "oi": 0.6397738951695786,
            "timings": 0.00042300000000000307
        },
        "section_4": {
            "gflopss": 1.1206766789429867,
            "oi": 1.2716493471889154,
            "timings": 0.00344100000000002
        },
        "main": {
            "gflopss": 83.75125075556552,
            "oi": 1.5740597912180796,
            "timings": 245.4833629999999
        }
    }
}