{
    "timestamp": "2017-12-21T125023",
    "meta": {},
    "timings": {
        "section_0": {
            "gflopss": 5.900269236782876,
            "oi": 0.16164188457515416,
            "timings": 0.3217156666666667
        },
        "section_3": {
            "gflopss": 0.13069721844823878,
            "oi": 0.6397738951695786,
            "timings": 0.00034300000000000145
        },
        "section_4": {
            "gflopss": 1.0207847136646102,
            "oi": 1.2716493471889154,
            "timings": 0.003777666666666672
        },
        "main": {
            "gflopss": 95.15174507010232,
            "oi": 4.5243737926274035,
            "timings": 620.9241533333334
        }
    }
}