{
    "timestamp": "2017-12-21T120910",
    "meta": {},
    "timings": {
        "section_0": {
            "gflopss": 5.919463045063506,
            "oi": 0.162888474615082,
            "timings": 0.3231463333333333
        },
        "section_3": {
            "gflopss": 0.11269884030243181,
            "oi": 0.6397738951695786,
            "timings": 0.00039833333333333577
        },
        "section_4": {
            "gflopss": 0.9970638954270523,
            "oi": 1.2716493471889154,
            "timings": 0.003867666666666658
        },
        "main": {
            "gflopss": 83.11257217480916,
            "oi": 3.55622746624789,
            "timings": 558.750161
        }
    }
}