{
    "timestamp": "2017-12-23T034310",
    "meta": {},
    "timings": {
        "section_0": {
            "gflopss": 12.084160403091282,
            "oi": 0.34400013173820015,
            "timings": 0.6478516666666666
        },
        "section_2": {
            "gflopss": 0.09838667880289324,
            "oi": 0.6397738951695786,
            "timings": 0.0004560000000000027
        },
        "section_3": {
            "gflopss": 0.8069369035577196,
            "oi": 1.2716493471889154,
            "timings": 0.0047796666666666855
        },
        "main": {
            "gflopss": 321.98533090987286,
            "oi": 27.833408212165278,
            "timings": 1804.7773373333332
        }
    }
}