{
    "timestamp": "2017-12-22T134623",
    "meta": {},
    "timings": {
        "section_0": {
            "gflopss": 5.9680552197587025,
            "oi": 0.16571064605890692,
            "timings": 0.7582823333333334
        },
        "section_3": {
            "gflopss": 0.08373001066098018,
            "oi": 0.6397738951695786,
            "timings": 0.0005403333333333374
        },
        "section_4": {
            "gflopss": 0.9763904523973942,
            "oi": 1.2716493471889154,
            "timings": 0.003965333333333353
        },
        "main": {
            "gflopss": 87.63004763281394,
            "oi": 1.5770080143150924,
            "timings": 546.5104733333332
        }
    }
}