{
    "timestamp": "2017-12-23T171527",
    "meta": {},
    "timings": {
        "section_1": {
            "gflopss": 0.07453172995350937,
            "oi": 0.6397738951695786,
            "timings": 0.0006036666666666693
        },
        "section_2": {
            "gflopss": 0.6128172339251668,
            "oi": 1.2716493471889154,
            "timings": 0.006333333333333306
        },
        "main": {
            "gflopss": 232.92730423065632,
            "oi": 67.38903450272184,
            "timings": 5491.195543666666
        }
    }
}