{
    "timestamp": "2017-12-23T034310",
    "meta": {},
    "timings": {
        "section_0": {
            "gflopss": 5.951012298337005,
            "oi": 0.16380958654200006,
            "timings": 0.7517293333333334
        },
        "section_3": {
            "gflopss": 0.07353338324026916,
            "oi": 0.6397738951695786,
            "timings": 0.0006416666666666709
        },
        "section_4": {
            "gflopss": 0.8253822397745675,
            "oi": 1.2716493471889154,
            "timings": 0.004676666666666679
        },
        "main": {
            "gflopss": 82.88838882548488,
            "oi": 3.5763374435911928,
            "timings": 1310.3137880000004
        }
    }
}