{
    "timestamp": "2017-12-23T171527",
    "meta": {},
    "timings": {
        "section_0": {
            "gflopss": 5.925626727145129,
            "oi": 0.16286453357177916,
            "timings": 0.750594
        },
        "section_3": {
            "gflopss": 0.10463597612958164,
            "oi": 0.6397738951695786,
            "timings": 0.00042933333333333587
        },
        "section_4": {
            "gflopss": 0.8087369004017294,
            "oi": 1.2716493471889154,
            "timings": 0.004781333333333352
        },
        "main": {
            "gflopss": 94.77596147516527,
            "oi": 4.558595869983477,
            "timings": 1460.6678846666682
        }
    }
}