{
    "timestamp": "2017-12-22T185553",
    "meta": {},
    "timings": {
        "section_0": {
            "gflopss": 5.906487786967541,
            "oi": 0.1647582883608637,
            "timings": 0.7617819999999998
        },
        "section_3": {
            "gflopss": 0.10181104214492505,
            "oi": 0.6397738951695786,
            "timings": 0.00044066666666666966
        },
        "section_4": {
            "gflopss": 0.898474293489369,
            "oi": 1.2716493471889154,
            "timings": 0.0042920000000000215
        },
        "main": {
            "gflopss": 89.32441995204702,
            "oi": 2.582497271699509,
            "timings": 877.9855443333335
        }
    }
}