{
    "timestamp": "2017-12-19T150615",
    "meta": {},
    "timings": {
        "section_1": {
            "gflopss": 0.039459075852518365,
            "oi": 0.9556932429272855,
            "timings": 0.0008330000000000022
        },
        "section_2": {
            "gflopss": 0.9091104646641862,
            "oi": 2.0872340425531917,
            "timings": 0.027747000000000004
        },
        "main": {
            "gflopss": 216.72768067774334,
            "oi": 3.012361108818887,
            "timings": 35.80129966666669
        }
    }
}