{
    "timestamp": "2017-12-19T153926",
    "meta": {},
    "timings": {
        "section_1": {
            "gflopss": 0.04337752689273469,
            "oi": 0.9556932429272855,
            "timings": 0.0007540000000000025
        },
        "section_2": {
            "gflopss": 0.7857381927247146,
            "oi": 2.0872340425531917,
            "timings": 0.05436266666666662
        },
        "main": {
            "gflopss": 223.15260536861607,
            "oi": 4.556167934965351,
            "timings": 52.589145666666674
        }
    }
}