{
    "timestamp": "2017-12-19T145144",
    "meta": {},
    "timings": {
        "section_1": {
            "gflopss": 0.03288472094857281,
            "oi": 0.9556932429272855,
            "timings": 0.0009983333333333307
        },
        "section_2": {
            "gflopss": 0.8020451281578582,
            "oi": 2.0872340425531917,
            "timings": 0.03685599999999995
        },
        "main": {
            "gflopss": 206.69314940988252,
            "oi": 2.202439099509195,
            "timings": 27.449494666666677
        }
    }
}