{
    "timestamp": "2017-12-22T012346",
    "meta": {},
    "timings": {
        "section_0": {
            "gflopss": 15.457565382774256,
            "oi": 0.16109092867563787,
            "timings": 0.037683
        },
        "section_3": {
            "gflopss": 0.03454113934625582,
            "oi": 0.6397738951695786,
            "timings": 0.0012986666666666624
        },
        "section_4": {
            "gflopss": 0.1260403925916961,
            "oi": 1.2716493471889154,
            "timings": 0.030784333333333302
        },
        "main": {
            "gflopss": 121.42537988526952,
            "oi": 3.516982932484531,
            "timings": 116.51625266666663
        }
    }
}