{
    "timestamp": "2017-12-21T231404",
    "meta": {},
    "timings": {
        "section_0": {
            "gflopss": 23.81012591504921,
            "oi": 0.34216447331228744,
            "timings": 0.04410733333333333
        },
        "section_2": {
            "gflopss": 0.036187381577998175,
            "oi": 0.6397738951695786,
            "timings": 0.0012406666666666616
        },
        "section_3": {
            "gflopss": 0.06075322801585151,
            "oi": 1.2716493471889154,
            "timings": 0.0795786666666666
        },
        "main": {
            "gflopss": 497.5709363578758,
            "oi": 13.897263825723243,
            "timings": 77.16395800000002
        }
    }
}