{
    "timestamp": "2017-12-22T092912",
    "meta": {},
    "timings": {
        "section_1": {
            "gflopss": 0.03838566735066668,
            "oi": 0.6397738951695786,
            "timings": 0.0011693333333333315
        },
        "section_2": {
            "gflopss": 0.06627224924836399,
            "oi": 1.2716493471889154,
            "timings": 0.06011999999999996
        },
        "main": {
            "gflopss": 255.18471016118062,
            "oi": 64.40589122313914,
            "timings": 634.5066013333332
        }
    }
}