{
    "timestamp": "2017-12-22T012346",
    "meta": {},
    "timings": {
        "section_1": {
            "gflopss": 0.038340627624608416,
            "oi": 0.6397738951695786,
            "timings": 0.001169333333333331
        },
        "section_2": {
            "gflopss": 0.15506561680293818,
            "oi": 1.2716493471889154,
            "timings": 0.02497499999999997
        },
        "main": {
            "gflopss": 355.9227869788074,
            "oi": 39.56779349131174,
            "timings": 279.201249
        }
    }
}