{
    "timestamp": "2017-12-22T104923",
    "meta": {},
    "timings": {
        "section_0": {
            "gflopss": 4.736374548625901,
            "oi": 0.16540084931108004,
            "timings": 0.41009466666666666
        },
        "section_3": {
            "gflopss": 0.036289141886972354,
            "oi": 0.6397738951695786,
            "timings": 0.001236666666666662
        },
        "section_4": {
            "gflopss": 0.0689727852164917,
            "oi": 1.2716493471889154,
            "timings": 0.058548333333333404
        },
        "main": {
            "gflopss": 62.63513104370375,
            "oi": 1.5740597912180796,
            "timings": 328.1734343333333
        }
    }
}