{
    "timestamp": "2017-12-22T132622",
    "meta": {},
    "timings": {
        "section_1": {
            "gflopss": 0.03736409795026747,
            "oi": 0.6397738951695786,
            "timings": 0.001204333333333329
        },
        "section_2": {
            "gflopss": 0.07491894798148972,
            "oi": 1.2716493471889154,
            "timings": 0.0588040000000001
        },
        "main": {
            "gflopss": 367.825650606804,
            "oi": 20.67940448150232,
            "timings": 458.85088166666657
        }
    }
}