{
    "timestamp": "2017-12-22T104923",
    "meta": {},
    "timings": {
        "section_1": {
            "gflopss": 0.03574499419832803,
            "oi": 0.6397738951695786,
            "timings": 0.001255999999999996
        },
        "section_2": {
            "gflopss": 0.15180886199248497,
            "oi": 1.2716493471889154,
            "timings": 0.025842666666666635
        },
        "main": {
            "gflopss": 333.0843434991363,
            "oi": 7.326436238409468,
            "timings": 179.53637433333333
        }
    }
}