{
    "timestamp": "2017-12-23T072739",
    "meta": {},
    "timings": {
        "section_1": {
            "gflopss": 0.03645428387928374,
            "oi": 0.6397738951695786,
            "timings": 0.0012299999999999943
        },
        "section_2": {
            "gflopss": 0.11291240193427787,
            "oi": 1.2716493471889154,
            "timings": 0.03417966666666665
        },
        "main": {
            "gflopss": 254.6939354256543,
            "oi": 66.3719587715159,
            "timings": 2126.8822416666667
        }
    }
}