{
    "timestamp": "2017-12-20T101825",
    "meta": {},
    "timings": {
        "section_1": {
            "gflopss": 0.009022704537048351,
            "oi": 0.9556932429272855,
            "timings": 0.003625333333333343
        },
        "section_2": {
            "gflopss": 1.3929723088470614,
            "oi": 2.0872340425531917,
            "timings": 0.014751999999999996
        },
        "main": {
            "gflopss": 291.6755807918885,
            "oi": 4.548794700985863,
            "timings": 37.18740066666667
        }
    }
}