{
    "timestamp": "2017-12-20T100316",
    "meta": {},
    "timings": {
        "section_1": {
            "gflopss": 0.009696828841961191,
            "oi": 0.9556932429272855,
            "timings": 0.003372333333333337
        },
        "section_2": {
            "gflopss": 1.4227652280584042,
            "oi": 2.0872340425531917,
            "timings": 0.014441000000000022
        },
        "main": {
            "gflopss": 195.58897538484507,
            "oi": 3.009948002571433,
            "timings": 36.69561933333335
        }
    }
}