{
    "timestamp": "2017-12-20T101050",
    "meta": {},
    "timings": {
        "section_1": {
            "gflopss": 0.009707958784119028,
            "oi": 0.9556932429272855,
            "timings": 0.003369333333333337
        },
        "section_2": {
            "gflopss": 1.4073408593628862,
            "oi": 2.0872340425531917,
            "timings": 0.014599333333333348
        },
        "main": {
            "gflopss": 242.1825339900569,
            "oi": 3.792220420025765,
            "timings": 37.337983666666666
        }
    }
}