{
    "timestamp": "2017-12-20T095557",
    "meta": {},
    "timings": {
        "section_1": {
            "gflopss": 0.00954348708639196,
            "oi": 0.9556932429272855,
            "timings": 0.0034310000000000083
        },
        "section_2": {
            "gflopss": 1.3761444164140038,
            "oi": 2.0872340425531917,
            "timings": 0.014963666666666686
        },
        "main": {
            "gflopss": 144.45376829126883,
            "oi": 2.2015613306619475,
            "timings": 36.34301933333334
        }
    }
}